:020000040800F2
:10000000005000202D5A0008B1530008B3530008D7
:10001000B5530008B7530008B953000800000000AA
:10002000000000000000000000000000BB530008BA
:10003000BD53000800000000BF530008C153000872
:10004000755A0008755A0008755A0008755A000854
:10005000755A0008755A0008755A0008755A000844
:10006000755A0008755A0008755A0008C5530008EB
:10007000755A0008755A0008D1530008DD5300086E
:10008000755A0008755A0008E9530008F55300082E
:1000900001540008755A0008755A0008755A00087E
:1000A000055400081154000815540008195400089C
:1000B0001D5400082954000835540008755A0008DA
:1000C000755A0008415400084D540008755A00083C
:1000D000755A000859540008755A0008755A0008E6
:1000E000755A0008755A0008755A0008000000008B
:1000F0000000000000000000000000000000000000
:0C01000000000000000000005FF808F1A3
:1001100010B5054C237833B9044B13B10448AFF341
:1001200000800123237010BD700200200000000039
:1001300060C2000808B5034B1BB103490348AFF385
:10014000008008BD000000007402002060C20008AA
:1001500010F8012B11F8013B012A28BF9A42F7D071
:10016000D01A7047034613F8012B002AFBD1181A46
:10017000013870477BB972B90029BEBF00204FF02B
:10018000004106E008BF00281CBF6FF000414FF09F
:10019000FF3000F0B9B9ADF1080C6DE904CE0029CB
:1001A00009DB002B1ADB00F035F8DDF804E0DDE9AF
:1001B000022304B07047404261EB4101002B1BDB7E
:1001C00000F028F8DDF804E0DDE9022304B0404245
:1001D00061EB4101524263EB43037047524263EBD0
:1001E000430300F017F8DDF804E0DDE9022304B072
:1001F000404261EB41017047524263EB430300F020
:1002000009F8DDF804E0DDE9022304B0524263EBB3
:10021000430370472DE9F047089D0F4604468E467C
:10022000002B48D18A42164661D9B2FA82F24AB10D
:10023000C2F1200301FA02FE20FA03F3964043EADA
:100240000E0E94404FEA164CBEFBFCF1B7B20CFB0D
:1002500011EE01FB07F0230C43EA0E43984209D943
:10026000F31801F1FF3E80F0ED80984240F2EA8001
:10027000023933441B1AB3FBFCF00CFB103300FBB8
:1002800007F7A4B244EA0344A74209D9341900F19C
:10029000FF3380F0D980A74240F2D6803444023840
:1002A00040EA01400021E41B1DB10023D440C5E910
:1002B0000043BDE8F0878B4206D90DB1C5E90001C6
:1002C00000210846BDE8F087B3FA83F1002947D141
:1002D000BB4202D3824200F20481841A67EB03021C
:1002E00001209646002DE4D0C5E9004EE1E7002A42
:1002F00000F09080B2FA82F2002A40F0A780881BBA
:100300000121370C1FFA86FEB0FBF7FC07FB1C002F
:10031000230C43EA00430EFB0CF0984207D9F31874
:100320000CF1FF3802D2984200F2E080C4461B1A5A
:10033000B3FBF7F007FB10330EFB00FEA4B244EA58
:100340000344A64507D9341900F1FF3302D2A6456C
:1003500000F2C9801846A4EB0E0440EA0C40A3E763
:10036000C1F120068B4022FA06FC4CEA030C27FA66
:1003700006FA4FEA1C49BAFBF9F88F4020FA06F357
:1003800009FB18AA1FFA8CFE3B4300FA01F708FB91
:100390000EF01C0C44EA0A44A04202FA01F20BD906
:1003A0001CEB040408F1FF3A80F09980A04240F26F
:1003B0009680A8F102086444241A98B2B4FBF9F3B9
:1003C00009FB134403FB0EFE40EA0444A64508D98A
:1003D0001CEB040403F1FF307FD2A6457DD9023B1C
:1003E000644443EA0840A4EB0E04A0FB028E74456B
:1003F0004346F14661D35ED055B1FA1A64EB090465
:1004000004FA06F622FA01F31E43CC40C5E9006463
:1004100000214EE743084FEA510C43EAC1710A0C30
:1004200042EA0C428BB2C407B2FBF6F143EA024344
:10043000BCFBF6FCB646304637461F22181A41EA86
:100440000C4161E7714615E7184629E7C2F1200320
:1004500021FA03F0964024FA03F397403B43370C0C
:10046000B0FBF7F807FB18001FFA86FE190C41EAEB
:10047000004108FB0EF0884204FA02F43AD97118E0
:1004800008F1FF3C01D288421ED8091AB1FBF7F8E7
:1004900008FB0EF007FB18119BB243EA01438342AD
:1004A0002FD2F31808F1FF31C8D28342C6D2A8F187
:1004B00002013344C2E747459ED2B8EB02036EEB1C
:1004C0000C0E0138F14697E7301A0144A8F1020CEE
:1004D000B1FBF7F808FB0EF0DCE7034681E7D046F6
:1004E0006AE70846FEE63444023834E7ACF1020C11
:1004F00033441CE7091AC446B1FBF7F808FB0EF0B9
:10050000C8E741469AE700BF704700BF00220A498A
:1005100030B50B88094D013810F8014F14B902B1FC
:100520000B8030BD5A1C92B2B2F5806FEC5414BFF0
:10053000134600230122EFE79E020020A6020020BE
:10054000074A10B51188074C4B1C9BB2B3F5806F5E
:10055000138008BF0023605408BF138010BD00BF84
:100560009E020020A602002038B500240D460E4B46
:1005700001461C700D4B3F220D481C700BF0B0F96A
:100580000B4B1F2229460B4883F83F400BF0A8F97C
:100590003222084BDC77084B1A601722074B1A707F
:1005A000074B1C7038BD00BF900B0020AA0A00202A
:1005B000370B0020170B00208C0B0020910B002024
:1005C0009C0200202DE9F0410025904601220F46B3
:1005D0001C46174B174E1D70174B01461A701748D3
:1005E0001F2235700BF07CF9144BDD77E7B13B78B7
:1005F000D3B11F22394612480BF072F9104BDD7748
:100600000A22104940460BF0D7F80A2220460E492C
:100610000BF0D2F832220D4B1A60172300223370F0
:100620000B4B1A70BDE8F0810024054B1C70E7E706
:10063000900B0020910B0020AA0A0020CB0A00207A
:10064000AB0A002002000020000000208C0B0020DC
:100650009C020020014B1878704700BFA90A0020B7
:10066000194B70B55B6806460D4614463BB347F21E
:10067000305316491648002A08BF1C460BF086F96D
:100680000F22314613480BF02BF90023114A12496F
:10069000D37328460A220BF08FF80A2220460F490E
:1006A0000BF08AF80E4B1B7863B10E4B187810F0E4
:1006B000020003D0132206200B4B1A7070BD4FF0BE
:1006C000FF30FBE70120F9E79002002078C2000824
:1006D00005000020070B0020010B0020EB0A002082
:1006E000370B0020900B0020910B0020194B70B5A8
:1006F0005B6806460D4614463BB347F23053164935
:100700001648002A08BF1C460BF040F90F2231465C
:1007100013480BF0E5F80023114A1249D373284619
:100720000A220BF049F80A2220460F490BF044F840
:100730000E4B1B7863B10E4B187810F0020003D0FB
:10074000132206200B4B1A7070BD4FF0FF30FBE7F1
:100750000120F9E7900200207CC20008050000207B
:10076000070B0020010B0020EB0A0020370B0020B4
:10077000900B0020910B0020064B5B683BB1064BB1
:100780001B7813F0400F0CBF0520072070474FF077
:10079000FF30704790020020900B0020074A10B5F0
:1007A0001188074C4B1C9BB2B3F5806F138008BFB8
:1007B0000023605408BF138010BD00BFA4020020B6
:1007C000A60600202DE9FF471F463D4B04465B6807
:1007D00088461546BDF83090002B6CD0394EDFF8B6
:1007E000E8A033789AF8001003F040020A4365D07D
:1007F0001B0758D40A2201A938460AF0DDFF01A8D8
:10080000FFF7B0FC421ED2B2032A4AD82F48FFF7A6
:100810007DFE9AF8003053B10A22694620460AF05C
:10082000CBFF6846FFF772FE2C20FFF789FE01A878
:10083000FFF76CFE2648FFF769FE002211462548A7
:10084000DFF894C0038894B2A74216D801B10380A0
:100850003378224C23F00C0343F00C0333702368ED
:100860003BB11F489847236801A8984723681D4853
:100870009847092004B0BDE8F0875C1CA4B2B4F529
:10088000806F08BF0024691C18F8055089B20CF865
:1008900003500132494514BF0D460025234601216E
:1008A000D1E70B20E6E70D4B1B680BB90820E1E709
:1008B0000D489847FAE74FF0FF30DBE70520D9E70E
:1008C00090020020900B0020AA0A002097C8000880
:1008D00080C200089E020020A6020020780B0020A3
:1008E00083C2000897C4000896C2000802460F4B56
:1008F0000068516803C390680D4A186000231370A4
:100900000C4A13700C4A13800C4A13800C4A138053
:100910000C4A13800C4A13700C4A13700C4A137063
:100920000C4A13600C4A1360704700BF900200200D
:10093000910B0020A80A0020A00200209E020020A7
:10094000A2020020A4020020900B0020AA0A00208E
:10095000A90A00207C0B0020780B0020114A1368A4
:100960000BB1013B1360104A136823B1013B1360C4
:100970000BB90E4A13700E4A13680BB1013B13609A
:100980000C4A13686BB1013B136053B90A490A78EA
:10099000100706D563F3C302084B0A701A88084B88
:1009A0001A8070478C0B0020880B0020A80A0020BA
:1009B000840B0020800B0020900B00209E02002062
:1009C000A00200202DE9F74FA64EA74A3388B2F8BF
:1009D00000B000255B4506D0A44F3A78173A022AAA
:1009E0002AD8A6F800B0A24EA24C3368002B40F0E3
:1009F000A88264239D4D33602B78192B00F2A182CD
:100A0000DFE813F08404C502DE02E502F302F80217
:100A100001030603190323035B03600370037603DA
:100A200084038A03BB030204130422043104710407
:100A300081049402B002BF0202228F498F4C0A60E7
:100A40009B45D0D08E4AD05C22780D2A00F2448299
:100A5000DFE812F00E005500CC0042024202B8015D
:100A6000CD01D601E3014202FE011B022D020C0260
:100A7000002304219846DFF80CC2834ADFF80C9269
:100A80008CF8003011705FFA83FE59F82E10D1B93E
:100A9000B8F1000F01D08CF800E00022764B7549C8
:100AA0001A600B7813F0010F00F092803E2840F09E
:100AB0008F8062F300030B70754B1A604FF49672CF
:100AC000744B1A6084E091F804A00133824513D17D
:100AD000B8F1000F01D08CF800E00B784978303B7A
:100AE000313903EB830301EB43036B490B80012393
:100AF0002370052313706BE04FF00108C3E7DFF8A4
:100B000084C162499CF8002051F822205E4909788E
:100B100012F801E0864514D1DFF87CC1BCF8003042
:100B2000013B9BB2ACF800300BB10D284DD193784E
:100B3000D278303B03EB8303303A02EB430323705C
:100B400046E000229146C1F57F4A8CF800200AF168
:100B5000D30ADFF838C15FFA82F85CF828C0BCF12C
:100B6000000F0CD1B9F1000F04D04B4A1580454A53
:100B700082F800800022013B2270338028E09CF83C
:100B800000E09CF80150AEF1300E0EEB8E0E554495
:100B900005EB4E05ADB27F2D24D81CF801E086454B
:100BA00020D13D4B1D80B9F1000F02D0354B83F8A9
:100BB000008055B99CF802309CF80320303B03EBD1
:100BC0008303303A02EB430323702F4B013119703A
:100BD000338801339BB2B3F5806F338004BF0023A9
:100BE00033802DE74FF001090132B2E70A28EFD137
:100BF00000232370234B1B78023B0F2BE8D801A264
:100C000052F823F0450C0008A10C0008BD0C0008A8
:100C1000D10B0008E70C0008E70C0008150D0008D0
:100C20001F0D0008610D0008150D0008D10B00080C
:100C30008B0D0008D10B0008950D0008A10D0008D0
:100C4000A10D00083A78152AC2D8144BD340D80712
:100C5000BED50022064B1A60064A137843F02003E3
:100C600048E700BFA2020020A4020020910B002050
:100C70008C0B0020900B0020880B0020A80A00207D
:100C8000A60600208D0200208C02002018C7000854
:100C9000840B0020800B0020A60A00205455200061
:100CA000904A1378190793D523F0090313708E4BDC
:100CB0001A888E4B1A808E4B002202E73B78102B4D
:100CC00086D100228B4B1A60864A137823F02203C8
:100CD00043F022031370884B1B68002B3FF478AF5E
:100CE0000320984774E77F4A137823F04203137078
:100CF0003B78113B052B3FF66BAF7F4B1B680BB16D
:100D0000002098477D4B1B78002B7FF461AF19239F
:100D10003B705DE7734A137823F04003EAE6714ABB
:100D2000137823F0080313700022714B1A60734B81
:100D30001B7873B1724B0A22187801A90AF03CFDA6
:100D40007048FFF7E3FB01A8FFF7E0FB6E48FFF7F1
:100D5000DDFB694B1B68002B3FF43AAF0A20C0E76C
:100D6000664B1B78002B7FF433AF624A13605D4AF9
:100D7000137823F0600343F0600313705E4B1B682D
:100D8000002B3FF425AF0720ABE7564A137823F03A
:100D90004203AFE6534A137823F042031370B6E7D9
:100DA000504A1378180706D523F0090313704E4BE9
:100DB0001A884E4B1A803B78013B102B3FF608AF48
:100DC0004C4B79E7514A2C28126807D1062323702F
:100DD000002A3FF4FDAE4E489047F9E60021013B62
:100DE00021703380002A3FF4F3AE4A48F4E722280A
:100DF0007FF4EEAE072300222370474B1A80E7E60C
:100E0000222803D0444A1388102B01D1082396E6E8
:100E1000591C1180414AD054DAE60A287FF4D8AE32
:100E200000233D4A237011883C4A0F299BBF53542D
:100E30002C4913700A789FBF42F020020A702D4A95
:100E400013602D4B1B68002B3FF4C2AE042048E713
:100E50002C287FF48FAE294B1B782BB10D23002259
:100E60002370274B1A70B3E60B23C4E72C28FBD062
:100E7000A0F13002092A3FF67DAE214A137803EB38
:100E8000830300EB4303303B34E63A2801D10C23C3
:100E900055E6A0F13002092A3FF66CAE1E4A1388CF
:100EA00003EB830300EB4303303B138090E61C4BC2
:100EB0009B6803B19847184A1388013B9BB2138083
:100EC000002B7FF485AE2370104B1B68002B3FF482
:100ED0007FAE144898477BE60023134A23701360C3
:100EE00076E600BF900B00209E020020A0020020AA
:100EF000800B00208C0B00207C0B0020AA0A002015
:100F0000A90A0020AEC2000896C40008780B002091
:100F1000BBC20008D0C20008A60A0020F10A0020C7
:100F200090020020E4C20008880B0020974B0020AC
:100F30001B689847964B1B680BB196489847182337
:100F40002B702378DA0740F1EA81934A126832B9AC
:100F5000924A23F009031188914A2370118003B04B
:100F6000BDE8F08F894B01201B689847884B1B68B0
:100F70000BB18C48984719232B704FF4FA733360E8
:100F8000DFE7012300222B70874B1A70D9E7864ACE
:100F900013782BB1013BDBB213701BB91723CFE7DA
:100FA000042313702378814823F020032370FFF774
:100FB000ADFA774B1B680BB17D4898470223BFE71A
:100FC0002378990601D50323BAE70123B8E77948C6
:100FD000FFF79CFA6E4B1B680BB177489847237854
:100FE00023F0200323700423AAE723789A06ECD584
:100FF0000523A5E77148FFF789FA237823F020033A
:10100000237006239CE723789B06DED5072397E70A
:101010006B4B1B786BB16B48FFF778FA5C4B1B6826
:101020000BB169489847237823F0200323700823E5
:1010300086E76648F0E723789F06C6D5604B1B78A5
:10104000002B0CBF0F2309237AE76148FFF75EFAF4
:101050002220FFF775FA5F48FFF758FA2220FFF7C2
:101060006FFA2C20FFF76CFA2220FFF769FA5A4832
:10107000FFF74CFA2220FFF763FA2C20FFF760FA03
:101080005648FFF743FA2C20FFF75AFA5448FFF767
:101090003DFA0D20FFF754FA0A20FFF751FA3C4BB6
:1010A0001B680BB14F489847237823F02003237027
:1010B0000A232B704FF4967361E723789E0684D53C
:1010C0000B233DE74848FFF721FA314B1B680BB172
:1010D00046489847237823F0200323700C232B7075
:1010E000C8234CE7237898067FF56FAF0D2327E7D9
:1010F0003F48FFF70BFA264B1B680BB13D4898475A
:10110000237823F0200323700E23E8E72378990641
:101110007FF55BAF162313E7374F3B78002B3FF487
:1011200010AF3648FFF7F2F92220FFF709FA3846E8
:10113000FFF7ECF92220FFF703FA2C20FFF700FA63
:101140002220FFF7FDF92E48FFF7E0F92220FFF7F4
:10115000F7F90D20FFF7F4F90A20FFF7F1F90C4B2E
:101160001B680BB127489847237823F0200323708E
:1011700010232B7040F2DC5301E723789A067FF5A9
:1011800024AF112304222B70074BFEE690020020AF
:10119000780B0020F7C20008840B00209E0200207C
:1011A000A00200200DC300089C020020E1C8000836
:1011B00023C30008D3C8000831C3000845C3000892
:1011C000AA0A002057C3000873C3000865C30008BB
:1011D00089C80008CB0A0020AB0A002002000020CA
:1011E0000000002087C3000875C800089AC30008E3
:1011F00061C80008AEC30008370B0020C9C800084A
:10120000170B0020C5C3000800225A4B5A481A7019
:10121000FFF77CF9594B1B680BB159489847237865
:1012200023F02003237012238AE623789B0601D53E
:10123000132385E6534A1378013BDBB21370002B6E
:101240003FF4C3AE11237BE64F4B1B78002B3FF4DA
:1012500078AE4E48FFF75AF9484B1B680BB14C4823
:10126000984714236CE64B48FFF750F92220FFF70C
:1012700067F94948FFF74AF92220FFF761F92C2066
:10128000FFF75EF92220FFF75BF93F48FFF73EF9D1
:101290002220FFF755F92C20FFF752F93F48FFF7BE
:1012A00035F93F493C48FEF753FF58B92C20FFF76A
:1012B00047F93C48FFF72AF92C20FFF741F9302085
:1012C000FFF73EF90D20FFF73BF90A20FFF738F949
:1012D0002A4B1B680BB134489847237823F06003EE
:1012E00023701523FBE6237813F0200203D043F08C
:1012F000400323700EE762F386139F0723707FF588
:1013000064AE1423D5E6294B1B780BB1002336E6D7
:10131000237898077FF559AE590689D5F6E7244D0D
:1013200024492A88098891423FF419AE224E5F076A
:10133000B05C02D53E2808BF0A20204B5B68984766
:1013400000283FF40CAE22782B8851070AD5F15CB7
:101350003E2907D1322122F0050242F0010222701B
:10136000174A116001339BB2B3F5806F08BF0023A9
:101370002B80F4E5F10A0020BEC80008780B00209D
:10138000D8C300089C020020070B0020A3C8000857
:10139000E9C30008B1C8000805000020010B0020C7
:1013A00078C20008EB0A0020FFC30008AA0A002048
:1013B000A00200209E020020A60200209002002031
:1013C000840B0020014B1860704700BF7C0B00208D
:1013D000014B1860704700BF780B00200022F0B569
:1013E000084BD4B2A14202F1010200D8F0BD5D79F0
:1013F0001E686F1C5F71045D74555C79DD792C404B
:101400005C71EEE70C120020021E18BF01224FF49F
:101410000071014805F076B9000C01401FB5144673
:101420001A464FF0FF330091CDE9014301460123F5
:10143000024805F007FC04B010BD00BF6414002092
:10144000FFF7ECBF13B514461A46CDE9001401238B
:101450000146024805F086FC02B010BD641400206D
:1014600013B514461A46CDE900140123014602487B
:1014700005F03EFD02B010BD6414002007B5012246
:101480008DF807000DF10701034808F02EFBB0FAB4
:1014900080F0400903B000BD7412002010B504466E
:1014A000FEF760FE81B22046BDE8104009F0CABFD9
:1014B00010B5164B1B78F3B115490C78FF2C15D0DD
:1014C0007E2C144B13D818550020621CD2B2012A6E
:1014D0000A7098540AD0134413F8022C0D2A05D12F
:1014E00013F8013C0A2B01D1FF230B7010BD002221
:1014F0000A701A70FAE7084B5A791968541C5C7123
:1015000088545A79D9790A405A71EFE7740000205B
:101510004F0D0020500D0020F411002010B51A4C82
:101520000328237816D173B10C21184B18481A7868
:10153000184B01FB02330F2299680AF0D1F90023FE
:10154000134A2370D3730122134B1A700522134BD5
:101550001A7010BD124A127813430343DBB2002BFA
:10156000F7D1012340F6B8320C2123700D4BBDE8B2
:1015700010401A80054B074A1B784B43D118496825
:10158000D058FEF7F1BF00BF4C0C00204D0C0020DE
:1015900064000020A8E200084E0C00207500002026
:1015A000740000205C000020038830B58B421FD2FD
:1015B000C38B8B4219D9002330F8024BA14211D3BF
:1015C000028891420ED80B48121BC55A0230C35AEA
:1015D000091B5B1B500801FB0300B0FBF2F0284421
:1015E00080B230BD02331E2BE6D14FF47A70F8E79B
:1015F0000020F6E708E20008054B064A03F1100157
:1016000053F8040B8B4242F8040BF9D1704700BF2A
:1016100034120020241200200122014B1A7070475E
:101620006D1200200122014B1A7070476C120020CD
:1016300002682D4B10B59A42044612D12B4A2C4910
:1016400013782C480133DBB2282B01BF0023137021
:10165000294A137808BF43F080031370082204F06E
:10166000CDFB2368B3F1804F1BD1244B1A7842B1D4
:101670001A78012A05D01A78022A02D01A78052A87
:1016800008D101241E491F480A788454224402F0DC
:101690000F020A701C490A78013A12F0FF0201D0C9
:1016A0000A7010BD14220A701A78032A05D01A781D
:1016B000042A02D01A78052AF3D11A781149032A8C
:1016C0000F4A02D01B78042B06D101201378C8548E
:1016D000034403F00F03137000201378C854013340
:1016E00003F00F031370DCE7002C01406E120020A2
:1016F00034120020FC140020EE0D00207012002097
:1017000044120020451200207A000020F0B5026843
:1017100083790C46D15C0546A1F1A00391B0512B11
:1017200000F21F87DFE813F052005C006C00B80085
:1017300007013201AB01C801530171018E010A0298
:101740004E046B048804A504C204DF042902FC04CF
:1017500019053605530571058F05D6051D071D07AB
:101760001D071D071D071D07F4054402610212062F
:101770006E0672069006AE06CC06EA06080730062C
:101780004F061D071D071D071D071D071D071D0708
:101790001D071D071D071D071D071D071D071D0729
:1017A0001D071D071D071D071D071D071D071D0719
:1017B0001D071D071D071D071D071D071D071D0709
:1017C0001D071D071D071D0786021A04A0210222FE
:1017D000204603F066FE0D21204603F0AAFE08E035
:1017E000A1210D22204603F05CFE2046C14903F0F2
:1017F000B3FE2046217A11B0BDE8F04003F099BE57
:101800000D22A221204603F04CFEBB4BBB4DB3F989
:10181000001020462980C9B203F08BFE697820466B
:1018200003F087FEB64B2046B3F900102980C9B2F9
:1018300003F07FFE6978204603F07BFEB14B204623
:10184000B3F900102980C9B203F073FE697820460D
:1018500003F06FFEAC4B2046B3F900102980C9B2EB
:1018600003F067FE6978204603F063FEA74B20462D
:10187000B3F900102980C9B203F05BFE69782046F5
:1018800003F057FEA24BB3F900102980C9B22046DD
:1018900003F04FFE69789FE79E4E1122A321204658
:1018A00003F0FFFD954D318820462980C9B203F031
:1018B00040FE6978204603F03CFE7188204629806E
:1018C000C9B203F036FE6978204603F032FEB188D3
:1018D00020462980C9B203F02CFE6978204603F027
:1018E00028FEF18820462980C9B203F022FE6978DB
:1018F000204603F01EFE318920462980C9B203F03C
:1019000018FE6978204603F014FE7189204629806C
:10191000C9B203F00EFE6978204603F00AFEB189D1
:1019200020462980C9B203F004FE6978204603F0FE
:1019300000FEF189A9E70222A421204603F0B1FDAF
:101940000D21204603F0F5FD217A204603F0F1FD3C
:1019500000220121284603F024FE684C00220121C8
:101960002070284603F01DFE6070B4F90020238823
:10197000002A6949694AB5BF5B4213800B80002386
:10198000B6BF00230B80138011B0F0BD0222A52149
:10199000204603F086FD0D21204603F0CAFD217A82
:1019A000204603F0C6FD00220121284603F0F9FD80
:1019B000524C002201212070284603F0F2FD607095
:1019C000B4F900202388002A5549564AD3E7022259
:1019D000A821204603F065FD0D21204603F0A9FD56
:1019E000217A204603F0A5FD00220121284603F0BC
:1019F000D8FD424C002220700121284603F0D1FD81
:101A000060702288484B1A80BEE70222A921204636
:101A100003F047FD0D21204603F08BFD217A20467F
:101A200003F087FD00220121284603F0BAFD334C64
:101A3000002220700121284603F0B3FD6070228847
:101A40003A4BE0E70222AA21204603F02AFD0D21AD
:101A5000204603F06EFD217A204603F06AFD002245
:101A60000121284603F09DFD244C00222070012115
:101A7000284603F096FD607022882D4BC3E70222B2
:101A8000A621204603F00DFD0D21204603F051FD57
:101A9000217A204603F04DFD00220121284603F063
:101AA00080FD164C002220700121284603F079FDAC
:101AB000607022881F4BA6E70222A721204603F070
:101AC000F0FC0D21204603F034FD217A204603F07E
:101AD00030FD00220121284603F063FD074C00225F
:101AE00020700121284603F05CFD60702288124BB3
:101AF00089E700BFE4E200086A120020F00D002030
:101B00006812002066120020641200206212002079
:101B10006012002024120020E80D0020E60D0020B5
:101B2000EC0D0020EA0D002054000020520000209F
:101B30000C0C00204C0000204E0000200222AB21A3
:101B4000204603F0AEFC0D21204603F0F2FC217A82
:101B5000204603F0EEFC00220121284603F021FD7F
:101B6000304C002220700121284603F01AFD6070DD
:101B7000B4F900202C4B1A6006E70222B22120465D
:101B800003F08FFC0D21204603F0D3FC217A204680
:101B900003F0CFFC00220121284603F002FD214C76
:101BA000002220700121284603F0FBFC6070EBE668
:101BB0000222C121204603F074FC0D21204603F0CF
:101BC000B8FC217A204603F0B4FC0022012128460B
:101BD00003F0E7FC134C002220700121284603F09B
:101BE000E0FC60702288114B0DE70222C2212046E2
:101BF00003F057FC0D21204603F09BFC217A204680
:101C000003F097FC00220121284603F0CAFC054C92
:101C1000002220700121284603F0C3FC6070228856
:101C2000034BF0E6F00D0020440000207800002077
:101C30007600002000255122F021204603F031FCDF
:101C4000A34B03AF1B88ADF80C30A24B1B88ADF83B
:101C50000E30A14B1B88ADF81030A04B1B88ADF89F
:101C600012309F4B1B88ADF8143037F9026B2046B9
:101C7000F1B203F05EFC01352046C6F3072103F004
:101C800058FC052DF1D1974D2046297803F051FCE1
:101C90006978204603F04DFCA978204603F049FC02
:101CA000E9780025204603F044FC8F4B09AF1B88E0
:101CB000ADF824308D4B1B88ADF826308C4B1B883B
:101CC000ADF828308B4B1B88ADF82A308A4B1B8827
:101CD000ADF82C30894B1B88ADF82E30884B1B6833
:101CE000ADF8303037F9026B2046F1B203F021FC39
:101CF00001352046C6F3072103F01BFC072DF1D167
:101D00000025804B06AF1B88ADF818307E4B1B8832
:101D1000ADF81A307D4B1B88ADF81C307C4B1B880E
:101D2000ADF81E307B4B1B88ADF820307A4B1B88FA
:101D3000ADF8223037F8026B2046F1B203F0F9FB20
:101D400001352046310A03F0F4FB062DF2D10025BF
:101D5000724B01AF1B88ADF80430714B1B88ADF896
:101D60000630704B1B88ADF808306F4B1B88ADF800
:101D70000A3037F8026B2046F1B203F0DAFB013586
:101D80002046310A03F0D5FB042DF2D1674B002128
:101D9000B3F90050204603F0CCFB0021204603F0AD
:101DA000C8FBE9B2204603F0C4FBC5F30721204677
:101DB00003F0BFFB5E4B5F4AB3F90060B2F900501D
:101DC0001978204603F0B5FBC6F30721204603F03F
:101DD000B0FBE9B2204603F0ACFBC5F30721564D3A
:101DE000204603F0A6FB2978204603F0A2FB697881
:101DF000204603F09EFBA978204603F09AFBE97881
:101E0000204603F096FB4D4B4D4AB3F90060B2F902
:101E100000501978204603F08CFBC6F307212046BA
:101E200003F087FBE9B2204603F083FBC5F30721EB
:101E3000444D204603F07DFB2978204603F079FBD2
:101E40006978414D204603F074FBA978204603F0E1
:101E500070FB69882046090A03F06BFBA9792046CC
:101E600003F067FBE9882046090A03F062FBA97AC0
:101E7000204603F05EFB6989344D090A204603F0D1
:101E800058FB29882046C9B203F053FB2988304DFE
:101E9000C1F30721204603F04CFB29882046C9B234
:101EA00003F047FB29882B4DC1F30721204603F09F
:101EB00040FB29882046C9B203F03BFB2988264D08
:101EC000C1F30721204603F034FB2978DFE400BF8B
:101ED000540000200C0C0020520000204C00002078
:101EE0004E00002044000020380000203600002072
:101EF0000A0C0020080C00203000002040000020C8
:101F000020000020280000201A00002024000020CB
:101F10001800002026000020160000204A000020A3
:101F20004800002078000020760000203E000020BD
:101F30003C0000203A000020300C00202E00002041
:101F40002C0000202A000020241200204A0C00202F
:101F5000480C0020460C00201C00002000261D22FA
:101F6000F121204603F09DFAC64B09AF1B68099387
:101F7000C54B1B680A93C54B1B680B93C44B1B686E
:101F80000C93C44B1B680D93C34B1B680E93C34B40
:101F90001B680F9357F8045B2046E9B203F0C9FAB7
:101FA000C5F30721204603F0C4FAC5F307412046D4
:101FB00003F0BFFA01362046290E03F0BAFA072EC5
:101FC000E8D116E40222AC21204603F06AFA0D2182
:101FD000204603F0AEFA217A204603F0AAFA002246
:101FE0000121284603F0DDFAAD4C002220700121CA
:101FF000284603F0D6FA60702288AA4B03E5022235
:10200000AD21204603F04DFA0D21204603F091FA50
:10201000217A204603F08DFA00220121284603F0A0
:10202000C0FA9F4C002220700121284603F0B9FA23
:10203000607022889C4BE6E40222AE21204603F029
:1020400030FA0D21204603F074FA217A204603F07D
:1020500070FA00220121284603F0A3FA904C0022D6
:1020600020700121284603F09CFA607022888F4B73
:10207000C9E40222AF21204603F013FA0D212046C5
:1020800003F057FA217A204603F053FA0022012187
:10209000284603F086FA824C00222070012128464F
:1020A00003F07FFA60702288814BACE40222B021F9
:1020B000204603F0F6F90D21204603F03AFA217A82
:1020C000204603F036FA00220121284603F069FA7F
:1020D000734C002220700121284603F062FA6070E0
:1020E0002288744B8FE40222B121204603F0D9F9F3
:1020F0000D21204603F01DFA217A204603F019FA3B
:1021000000220121284603F04CFA654C0022207081
:102110000121284603F045FA60702288664B72E47C
:102120000222B321204603F0BCF90D21204603F022
:1021300000FA217A204603F0FCF90022012128460A
:1021400003F02FFA564C002220700121284603F09C
:1021500028FA60702288594B55E40222B4212046A7
:1021600003F09FF90D21204603F0E3F9217A204680
:1021700003F0DFF900220121284603F012FA484C4F
:10218000002220700121284603F00BFA607022889B
:102190004B4B38E40222B521204603F082F90D2191
:1021A000204603F0C6F9217A204603F0C2F9002246
:1021B0000121284603F0F5F9394C00222070012155
:1021C000284603F0EEF9607022883E4B1BE40222A1
:1021D000B621204603F065F90D21204603F0A9F948
:1021E000217A204603F0A5F900220121284603F0B8
:1021F000D8F92B4C002220700121284603F0D1F998
:1022000060702288304BFFF7FEBB0222B7212046C8
:1022100003F047F90D21204603F08BF9217A20467F
:1022200003F087F900220121284603F0BAF91C4C7B
:10223000002220700121284603F0B3F96070228843
:10224000224BFFF7E0BB0222B821204603F029F918
:102250000D21204603F06DF9217A204603F069F93B
:1022600000220121284603F09CF90D4C0022207029
:102270000121284603F095F960702288144BFFF77E
:10228000C2BB00BF200C0020140C0020180C002042
:10229000100C00202C0C0020EC0B0020580000201B
:1022A000F00D002038000020360000200A0C00202D
:1022B000080C0020300000204000002028000020F2
:1022C0001A00002024000020180000202600002012
:1022D000160000200222B921204603F0E2F80D2169
:1022E000204603F026F9217A204603F022F9002245
:1022F0000121284603F055F99D4C00222070012150
:10230000284603F04EF9607022889A4BFFF77BBB9A
:102310000222C021204603F0C4F80D21204603F01C
:1023200008F9217A204603F004F900220121284609
:1023300003F037F98E4C002220700121284603F06B
:1023400030F9607022888C4BFFF75DBB0222C321FD
:10235000204603F0A6F80D21204603F0EAF8217A82
:10236000204603F0E6F800220121284603F019F97F
:102370007F4C002220700121284603F012F9607082
:1023800022887E4BFFF73FBB0222CB21204603F081
:1023900088F80D21204603F0CCF8217A204603F07E
:1023A000C8F800220121284603F0FBF8704C0022F7
:1023B00020700121284603F0F4F86070B4F9002081
:1023C0006F4BFFF7D8BB0222CC21204603F069F8FF
:1023D0000D21204603F0ADF8217A204603F0A9F83C
:1023E00000220121284603F0DCF8614C0022207015
:1023F0000121284603F0D5F86070B4F90020614B44
:10240000FFF7B9BB0222C421FFF7B9BB0222C521E5
:10241000204603F046F80D21204603F08AF8217A81
:10242000204603F086F800220121284603F0B9F87F
:102430004F4C002220700121284603F0B2F8607052
:102440002288514BFFF7DFBA0222C621204603F053
:1024500028F80D21204603F06CF8217A204603F07D
:1024600068F800220121284603F09BF8404C002226
:1024700020700121284603F094F860702288434BB5
:10248000FFF7C1BA0222C721204603F00AF80D2146
:10249000204603F04EF8217A204603F04AF8002245
:1024A0000121284603F07DF8314C002220700121E3
:1024B000284603F076F860702288354BFFF7A3BA00
:1024C0000222C821204602F0ECFF0D21204603F035
:1024D00030F8217A204603F02CF80022012128460A
:1024E00003F05FF8224C002220700121284603F0FF
:1024F00058F860702288274BFFF785BA0222C9215D
:10250000204602F0CEFF0D21204603F012F8217A7A
:10251000204603F00EF800220121284603F041F87E
:10252000134C002220700121284603F03AF8607015
:102530002288194BFFF767BA184D04222B88CA214D
:10254000013320462B8002F0ACFF0D21204602F023
:10255000F0FF29882046090A02F0EBFF2978FFF7EF
:102560003BB90222204602F09CFFFF21FFF734B95D
:10257000F00D00204A000020480000203E0000200E
:10258000200000201C0000203C0000203A00002019
:102590002E0000202C0000202A000020D00B00205C
:1025A000F0B516464379027905469A420C46C3B007
:1025B0001DD003F003F8D0B1012E04BF0022154B4B
:1025C0002146284608BF1A70FFF7A0F80022617A5A
:1025D00002A8D3B299420CD8C6B1FEF73BF84FF42B
:1025E000807300930022637A02A9FEF7EBF843B0F0
:1025F000F0BDA77925687B1CDBB2A371ED5D0132CC
:1026000000F8015BE5792B40A371E2E702A808F02E
:1026100019FFECE77500002010B50D4B0D4C1A7832
:102620000D4B0E4853F822100122237802FA03F3CF
:102630008B4308BF1A464FF4005104F063F8237827
:102640000133DBB2142B28BF0023237010BD00BF61
:102650006F120020CE0B00208000002000100140EF
:102660002DE9F0418C4B8D4C1B788AB0032B5FFA1F
:1026700083F840F02B810025012002F0A3FA4023CB
:10268000202229461E20009502F0ECFB1623802212
:1026900014212846009502F0E5FB402352222946EA
:1026A0005020009502F0DEFB7D4E2946282002F0E6
:1026B0008DFB7C4902A809F069F996E80E000095A7
:1026C00002A802F06DFB2946552002F07FFB7649F7
:1026D00002A809F05BF996E80E00009502A802F046
:1026E0005FFB1921282002F071FB704B2021B3F908
:1026F00000306F4A02A809F0A3F894E80E00009594
:1027000002A802F04DFB1921552002F05FFB694B36
:102710002021B3F90030664A02A809F091F894E844
:102720000E00009502A802F03BFB2521282002F0B4
:102730004DFB614B2021B3F900305D4A02A809F03E
:102740007FF894E80E00009502A802F029FB2521ED
:10275000552002F03BFB594B2021B3F90030544A7D
:1027600002A809F06DF894E80E00009502A802F0A6
:1027700017FB3121282002F029FB514B2021B3F90E
:1027800000304B4A02A809F05BF894E80E0000956F
:1027900002A81E2602F004FB3121552002F016FB90
:1027A000484B2021B3F90030414A02A809F048F80B
:1027B00094E80E0040F6FA74434F009502A802F028
:1027C000EFFA3B8842467343B3FBF4F3C3F13C0397
:1027D0003C214046DBB2009502F0FEFA7B880622DF
:1027E0007343B3FBF4F3C3F13C0310463C21DBB26B
:1027F000009502F0F1FABB8809227343B3FBF4F3AE
:10280000C3F13C0310463C21DBB2009502F0E4FA30
:10281000FB880C227343B3FBF4F3C3F13C03104673
:102820003C21DBB2009502F0D7FA3B890F227343BB
:10283000B3FBF4F3C3F13C0310463C21DBB200953B
:1028400002F0CAFA7B8912227343B3FBF4F3C3F19B
:102850003C0310463C21DBB2009502F0BDFABB8977
:1028600015227343B3FBF4F3C3F13C0310463C2140
:10287000DBB2009502F0B0FA1822FB893C217343C9
:10288000B3FBF4F31046C3F13C030095DBB202F056
:10289000A3FA0AB0BDE8F08170120020F4C8000865
:1028A000E8C8000815C4000819C400086A1200200E
:1028B0001DC400086412002068120020621200206B
:1028C000661200206012002024120020002002F076
:1028D00079F902210125084602F078FA94E80E0001
:1028E0004548009502F05CFA0221242002F06EFABD
:1028F000424B20211B68424A02A808F0A1FF94E83D
:102900000E00009502A802F04BFA1121022002F0FD
:102910005DFA94E80E003B48009502F041FA11215F
:10292000242002F053FA0522374B20211B6802A80D
:1029300003EB430393FBF2F3344A08F081FF94E87E
:102940000E00009502A802F02BFA2021022002F0CE
:102950003DFA94E80E002E48009502F021FA20215D
:10296000242002F033FA64212A4E02A8326892FB36
:10297000F1F301FB1322002AB8BF5242202100923A
:10298000254A08F05DFF94E80E00009502A802F0C9
:1029900007FA2F21022002F019FA94E80E001F48CE
:1029A000009502F0FDF924202F2102F00FFA42F2E7
:1029B00026323368009503F58C531333934298BF46
:1029C000174894E80E0088BF164802F0E9F9012480
:1029D0000E237F2219460020009402F0FDF91D23EA
:1029E0007F2219460020009402F0F6F92C237F2262
:1029F0001946002000944AE720C400085C12002019
:102A000025C400082EC400085812002033C4000852
:102A10003DC400082C0C00205BC4000842C4000820
:102A200047C4000851C4000837B5424B424C1A78DD
:102A30002AB11A78012A02D01A78022A16D12278ED
:102A4000013A012A12D8002323703C4A3C4B1178EA
:102A50001B788B4208D03B484B1C415C03F00F03B2
:102A600091B103212170137003B030BD2278032A85
:102A70005DD801A151F822F04B2A00088D2A0008E8
:102A8000A32A0008BD2A00080121EBE71B78052BCB
:102A900004D102F099FF02232370E5E7FFF7E0FD80
:102AA000F9E7294805F018FA2028DDD102F0B0F83E
:102AB0000028D9D00023254A1370EDE7224805F0FD
:102AC0000EFA234D10B14FF47A732B601E4805F0B7
:102AD00003FA202816D101F0BBFF98B11D4B1E4A06
:102AE00001931E4B1E4900931E481F4B01F0F8FF37
:102AF00000231E4A1E4913700A7842F008020A7029
:102B00002B60C9E72B680133B3F5FA7F2B60ABD993
:102B10000D4804F07DF8012002F0F6FF0A4803F0AA
:102B2000CFFF01F05FFF01F085FF0023E8E70023FE
:102B3000B2E700BF70120020CD0B0020CC0B0020AC
:102B40004412002045120020641400206D12002061
:102B5000C80B0020601200206612002062120020C4
:102B6000681200206A120020641200206C120020FB
:102B7000EE0D0020074B084A1B6812885A63074A6B
:102B80001288DA63064A12889A63064A12881A641F
:102B9000704700BF04130020EC0D0020E80D00205A
:102BA000EA0D0020E60D00202DE9F04198B010ADAF
:102BB00010220021044614AE284608F077FE1022A9
:102BC0000021304608F072FE42F210704A4B1B683A
:102BD00083EAE372A2EBE372B2FBF0F100FB112295
:102BE0006420002BB2FBF0F280F28180434851EA6E
:102BF0000203434B08BF0346CDE9001228461021CB
:102C0000404A08F01DFE4FF47A703F4B1B6883EA80
:102C1000E372A2EBE372B2FBF0F100FB11220A2097
:102C2000002BB2FBF0F264DA344851EA0203344B71
:102C300008BF0346CDE9001230461021314A08F0A2
:102C4000FFFD324F324B334A33493448DFF8D0C0AE
:102C5000DFF8D0E0DFF8D0801B8812880988008870
:102C60003F88BCF800C0BEF800E0B8F80080CDE9AD
:102C70000E562E4D1BB2B5F9005012B20D952C4DCB
:102C800009B2B5F9005000B20C952A4D3FB2B5F922
:102C900000500FFA8CFC0B95274D0FFA8EFEB5F9FC
:102CA00000500FFA88F80A95244DB5F9005009959F
:102CB000234DB5F90050CDE90121CDE9030700937B
:102CC0004FF480711F4B204A2048CDE905CECDE955
:102CD000078508F0B5FD4FF48073002200931B496F
:102CE00083B22046FDF76EFD18B0BDE8F081034BBE
:102CF00082E7024B9EE700BF300C002098C400081A
:102D000057C4000859C40008D80B0020420C00200A
:102D10004A0C0020480C0020460C0020440C0020E7
:102D2000400C00203E0C00203C0C002060120020D3
:102D30006212002064120020661200206812002037
:102D40006A12002065C4000899C400084F0C0020D6
:102D500040F2BF3307B500220093034940F2BE336F
:102D6000FDF730FD03B000BD49DE0008812307B543
:102D70000022009302498023FDF724FD03B000BD2B
:102D8000C8DD00082DE9F0470024DDE908760C7065
:102D9000984614701C7047F23A5305468A463046EE
:102DA00042493B80914608F0F1FD2846404908F031
:102DB000AAFD58B1043010F8013FE2B213F0DF0F62
:102DC00001D0262B4DD100230AF80230284639497C
:102DD00008F099FD60B10023043010F8012FD9B23A
:102DE00012F0DF0F01D0262A45D1002309F8013067
:102DF0002846314908F087FD60B10023033010F800
:102E0000012FD9B212F0DF0F01D0262A3DD10023C5
:102E100008F801302846294908F075FD48B100231B
:102E2000053010F8012F303AD1B2092934D903B155
:102E30003B802846224908F066FDA8B3C41D032242
:102E40002046204908F03AFD28B1032220461E49B9
:102E500008F034FD30BB1B493046BDE8F04708F0B0
:102E600095BD2B2B08BF20230AF8043001343F2CDA
:102E7000A1D12246A7E72B2A08BF202209F8032068
:102E800001333F2BA9D11946AFE708F803200133DE
:102E90000F2BB4D11946BAE703EB830302EB4302CD
:102EA00093B2BEE70149D7E7BDE8F08778C20008D2
:102EB00024C500082AC5000830C5000835C500082B
:102EC0003CC500087CC2000844C500082DE9F04359
:102ED000464BA9B01A78B2B10022454945481A704C
:102EE000FDF736F9444B47F23152198828B9434867
:102EF00029B0BDE8F043FDF7F9BB404829B0BDE873
:102F0000F043FDF7ADBB3E4F3B78ABB13D4E337860
:102F1000FF2B11D1FDF79EFB3B4905463B4808F0CE
:102F2000F2FC044658B12846FFF73EFE092803D1BB
:102F30000023364A3370137029B0BDE8F08334495A
:102F4000324808F0E0FC002845D04022214608A87D
:102F500008F0ACFC4022214618A808F0A7FC10227B
:102F600021460DEB020008F0A1FC2A4B0DF10C08E4
:102F700003930DF10A030093244804ABCDF80480B9
:102F800018AA08A9FFF7FEFE9DF810309DF80C90D6
:102F900033B11A4B0F22184604A908F0A1FCC473E0
:102FA000BDF80A300BB1144A1380B9F1000F03D0F9
:102FB0004146104808F0EAFC2846FFF7D7FE0928EA
:102FC000BAD10023114A18A908A83B7033701370B6
:102FD000FDF7CAFAB0E710490C4808F094FC002845
:102FE000A6D02846FFF7B4FEA0E700BF4E0C002095
:102FF0007CC200085E000020620000206400002007
:10300000740000204F0D002048C50008500D00201E
:1030100052C50008554450005CC5000840F2012329
:103020000380002383708380C38070470278034647
:10303000032A1DD8DFE802F00F021407427842B9D4
:1030400003221A7005E0417801220029F9D10170AC
:103050008270002070474278012AFAD10222F0E7FC
:10306000407800220128ECD118709A70D87170470E
:103070000122E6E770B504464FF400411D4803F015
:103080003BFBA6781C4A1D491D4DAEB188B1137893
:103090000133DBB2072B137003D9012363700023C4
:1030A000137000230B702B78EBB1A3880A33A38035
:1030B00070BD60701070F4E70B781670042B0FD998
:1030C000003818BF01200E70607000232B70A379A8
:1030D0006BB1A388002BEBD0092B08D90A3BE6E79C
:1030E00001330B70F1E7A38001232B70DDE7002390
:1030F000DDE700BF000C0140C60B0020C50B00201F
:10310000C40B002073B5414D2B78DB0938D02B78E8
:103110003F4C23F080032B702378052B18D0FDF74C
:103120001DFC3C4890F84230222B09D003683A49F4
:103130001A685B682023012280F8423006F0B5FE51
:10314000364B1B7823B136490A88DAB1013A0A8036
:103150003448FFF78FFF344A1378013B13F0FF0325
:1031600003BF022313702B78137004BF43F0400396
:103170002B702E4B1E78013E16F0FF0617D01E70E6
:1031800002B070BD2A4803780133DBB2042B94BF30
:103190001A461346027040F6B8320A800C214B439F
:1031A000244AD1184968D058FDF7DEF9D0E70A2241
:1031B0001A702B7843F020032B70FFF72DFA237839
:1031C000052BDDD01C4A13780133DBB2092B01D863
:1031D0001370D5E7194C16702378042B9CBF01336C
:1031E0002370174B1D78002DCAD1FDF7C5FA0728AB
:1031F000C6D12378042BC3D94FF480732A46009399
:10320000284609230F49FDF7DDFAB9E7EE0D002046
:103210007012002074120020E40D00204C0C0020DD
:103220005C000020D00D00207B0000207C000020EE
:103230004D0C0020A8E20008E50D002075000020DC
:10324000740000200C000020F8B583780446002BA1
:103250004CD18388002B49D18379002B46D0C37988
:1032600003B340F6B732A38893426FD8A3F5FA624E
:10327000B2F57A7F6ED2424804F02EFE202838D173
:1032800000250426E5713F4B01201E70FEF7BCF8B7
:1032900001F000FD012001F019FE3B4BA5711E70ED
:1032A000A58026E0364804F017FE202821D1A17918
:1032B000344A0139344B354E354D032942D8DFE8C5
:1032C00001F00241192F0027012017701F70FEF72F
:1032D0009BF832882F4B37801A802A882E4B2F80FC
:1032E0001A800023FF22A3712C4B1A70E379002B64
:1032F000B7D1F8BD022100201170294A1970107051
:103300000120FEF781F833882A8813431BB2002B73
:10331000E7D1204B1B8833801F4B1B882B80E0E7B5
:103320000521002011701970FEF76EF83288194BD4
:103330001A802A88184B1A80002333802B8002F0D1
:1033400035FBCEE7012010701870DAE70023E37137
:10335000A380CEE7A3F57A73B3F57A7F08D2084845
:1033600004F0BAFD2028C4D100250326E5718AE7C0
:103370000023E371A3790133A3714FF4C873E7E726
:1033800064140020701200206F120020380000200A
:103390003600002034000020320000209800002079
:1033A000E00B0020C72AF8B5CCBF00240124C729B0
:1033B000D8BF0134764E1D463378C728D8BF0134B4
:1033C000032B00F2E280DFE813F004001A0088000B
:1033D000D200704BC729B3F900302B6002DC012307
:1033E000337044E06C4B6D4AB3F90030322BD8BFD8
:1033F0004FF4AF735B421360694A136037E0694B67
:103400001B78012B0ED1032C0CD14FF0E0239B69CC
:1034100013F0010F0CBF4FF0FF320122624B1A7004
:10342000347024E0614F624914BB3B880868013363
:103430009BB2052B3B800FD90028B4BF01224FF06F
:10344000FF325C4B3C801C805B4B1C705B4B1C60F8
:103450005B4B1A700223C3E75A4B1860504B1A6833
:103460004E4B1A604B4B0860B3F900302B60F8BD2F
:1034700000233B804FF47A735A43534C04FB0020E3
:10348000524A126890FBF2F00A2290FBF2F04D4A89
:1034900080EAE07410604E4AA4EBE07414604D4A78
:1034A000B2F9002042436243642492FBF3F24A4B98
:1034B000B3F90030434393FBF4F31A44474B374CC2
:1034C000B3F9003022609A4202DD1A46236002E01E
:1034D0005B429A42F9DB324BC3E7002C7FF47FAFAB
:1034E00041F288303E4B3F4A1B88B2F900101BB2B4
:1034F000C91A3D4A002381FB0001FCF73BFE2F4B1C
:103500002D491A6810444FF4AF722A600D78234A8F
:1035100018601DB1012D16D01460A8E7284D95F94B
:103520000050002D314DC8BF4FF4AF750028156015
:103530002F4AB8BF4042904299DD1C601D4B1C8051
:1035400001230B7093E71E4D95F90050002D274D78
:10355000D8BF4FF4AF7500281560264AB8BF404267
:10356000904284DD1C60134B1C800223E9E74FF47A
:10357000AF71012C094A296002D1002313604FE783
:10358000094B93F900304B4337E7002328E700BF8E
:10359000E40B00204000002030000020EC0B002055
:1035A000C00B0020701200200B000020BC0B00207C
:1035B000E80B0020E20B0020E10B0020B80B0020FC
:1035C0000A000020F40B002018FCFFFFF80B00207D
:1035D000F00B002036000020380000202A000020D8
:1035E000D20B002060120020B8FF0100A2FEFFFFF6
:1035F0008F5F01001FBF020038B50C4605460188E9
:103600000948FDF7D1FF208069880848FDF7CCFF05
:103610006080A9880648FDF7C7FFA080E9880548B3
:10362000FDF7C2FFE08038BD88E2000868E20008CC
:1036300048E2000828E2000837B53D4C3D4A2178B1
:103640001378994272D02378DBB2137023782BB1B0
:103650002378012B02D02378022B57D1364804F06F
:103660003BFC2028FAD1012001F030FC002001F0C1
:10367000A9FA2378D3B90125304C1421162001F082
:10368000A5FB94E80E002E48009501F089FB22214D
:10369000242001F09BFB94E80E002A48009501F0DD
:1036A0007FFB03B0BDE8304001F098BA2378012BCE
:1036B000DDB213D1214C1421162001F087FB94E8D0
:1036C0000E002148009501F06BFB2221042001F03F
:1036D0007DFB94E80E001D480095E0E72378022B5F
:1036E000DFD10125154C1421162001F06FFB94E861
:1036F0000E001748009501F053FB2221242001F011
:1037000065FB94E80E0013480095C8E72378052B65
:103710000CD1094804F0E0FB2028FAD101F0BAFAF4
:10372000012003B0BDE8304001F0D0BB03B030BD94
:10373000701200209800002064140020F4C80008D3
:1037400062C500086FC5000878C5000885C5000877
:1037500097C50008A4C5000810B594B01422002134
:103760000CA808F0A3F8142200210DEB020008F0C9
:103770009DF81022002101A808F098F802244FF4C7
:1037800080330122CDE91143CDE90A234FF4E01340
:103790000AA80E92139305F01DFA08B172B6FEE75F
:1037A0000F23CDE905344FF480630790CDE908304D
:1037B000214605A805F0D0FB08B172B6FEE712233A
:1037C00001934FF40043CDE9033001A805F080FCDC
:1037D00008B172B6FEE714B010BD00000268084BD5
:1037E00010B59A420AD1074C2078FCF7D7FF214642
:1037F000BDE810400122044806F057BB10BD00BFD1
:1038000000380140E40D0020741200200368074ACC
:10381000934209D11A685B682023012280F8423064
:103820000349044806F041BB704700BF003801401F
:10383000E40D0020741200208D4A2DE9F04F156828
:103840008C4ADFF834A214688C4A85B0B2F900B013
:103850008B4ADAF80030B2F9002003900292894ACC
:10386000B2F9007043EA0502224300F0B2805A2107
:103870000A224B4302FB0B30642390FBF3F04D43D1
:103880004C430190029802FB074402FB005594FB55
:10389000F3F495FBF3F5019B7B4ACAF80030744BB7
:1038A000B2F900801D60734B1C60784B1B68002BC5
:1038B00000F09480434403EBD3735B1000934FF408
:1038C0008F704FF06409714B009A1A60704A11684A
:1038D00000FB01F292FBF9F681FB01024FEAE17C69
:1038E00000FB0CFC01FB02CC5DA3D3E90023A0FB91
:1038F00001016144FCF73EFC311A664E33889BB2ED
:10390000952B6ED833889BB2272B31D8624B4FF45E
:103910008F70C3F80080614B5549B3F90020604BAC
:10392000029C1A605F4B604A1F60232303FB08F36D
:10393000136093FBF9F3564A0C60136000FB03F429
:1039400083FB0302DD1745434A4903FB02550F6021
:10395000A0FB030142A3D3E90023CAF800B0294425
:10396000FCF708FC94FBF9F4484B211AC3F80080DB
:1039700033889BB2312B0AD9444A4C4B10681A68E1
:10398000401A10444A4A186013683B441360338855
:1039900001339BB2338033889BB2962B0DD16422C6
:1039A000424B44491B6893FBF2F30B80404B1B686E
:1039B00093FBF2F3404A1BB2138000233F4A13608B
:1039C0003F4A13602B4B1A68364B1A6005B0BDE8AE
:1039D000F08F3C46029DCDF804B05CE7CDF8008046
:1039E0006DE7304B00981A681C60324BA21AB3F98D
:1039F00000306443C31A5B1A019905FB054469430F
:103A000030482F4DB4FBF0F491FBF0F11B1B0B443D
:103A1000062192FBF1F21344284A039813601368BD
:103A200040F6262203F21351914298BF00230399D6
:103A3000DA17A3FB013100FB0211D81841EB010694
:103A4000C01841EB060108A3D3E90023FCF792FB61
:103A500062232C685C4394FBF9F404442C60B5E7C2
:103A6000420A1B0400000000404B4C000000000014
:103A7000A80B0020A40B0020AC0B00206412002037
:103A800062120020601200206A120020A00B0020A9
:103A90002C0C002056120020280C0020661200205A
:103AA000240C00209C0B0020300C0020980B0020E0
:103AB000940B0020E60B0020D20B002058120020AF
:103AC0005C120020285122002DE9F04F984A89B05D
:103AD00013781B0740F1FC831378964C23F00803FE
:103AE00013700522944BE1881A6063886289ADF8EF
:103AF00010300B44ADF8142013440322B3FBF2F34F
:103B0000ADF8121004A806A9ADF81630FFF774FD41
:103B1000BDF91820894BBDF818901A80BDF91A20FC
:103B2000874BBDF81AA01A80BDF91C20854BBDF843
:103B30001CB01A8009EB0A035B44012BB8BF0123B8
:103B4000814A82481360B4F90020814B81491A8070
:103B5000B4F90430804A0D681380B4F908307F4A04
:103B60001380B4F90C307E4A1380B4F90E207D4BDB
:103B700004681A807C4B7D4A54EA0506B3F900308C
:103B8000B2F900200DD05F2603EB830306FB04335C
:103B9000642402EB820206FB052293FBF4F392FB02
:103BA000F4F20A6002F57A62B2F5FA5F88BF232266
:103BB000036084BF53436E4A41F2883088BF13606C
:103BC0006C4B6D4AB3F900406FF031035C438323C3
:103BD00094FBF3F4694B6A4D1C606A4BB3F90030F7
:103BE0000193694B1988019B09B2591A81FB0001A5
:103BF0000023FCF7BFFA2E685D4B064414201B68B7
:103C0000624943434FF475700A682E60224400FBFA
:103C100002335F4A934241DC5E4A934240DB4FF4F9
:103C20007A7293FBF2F364220B6093FBF2F3DFF8FA
:103C300068815A4EC8F80030594B5A4C1B685A4D8F
:103C40000393002333602378012BDAB22AD0022AAF
:103C50002FD02378554A2BB12378012B02D023781B
:103C6000052B09D1D8F80030002BCCBF012300234D
:103C70001370C4BF0023039323781BB12378052B53
:103C800040F03E814A4BD8F800109942494B80F2EF
:103C90003181012119700023039331E1464BC2E7C2
:103CA000464BC0E75A465146484603ABFFF77AFBFE
:103CB000CFE7434F3B78032B00F2BB80DFE803F0F4
:103CC000028AC81703AB5A4651464846FFF76AFBBB
:103CD000234B1B881BB2B3F5FA7FBADB0122394BA9
:103CE0001A700023384A3360136003231EE0364BFA
:103CF0001A6805321A6040F2DB521968914203D803
:103D00004FF47A730393A4E740F6B73219689142EF
:103D100002D84FF4AF73F5E700221A602B4B1A60FC
:103D2000284B1B7813B90121294A11703B7090E789
:103D3000EE0D002024120020580000204A0C002024
:103D4000480C0020460C0020F80B0020280C002016
:103D5000440C0020240C0020420C0020400C0020C9
:103D60003E0C00203C0C00206A120020661200204D
:103D7000380C002062120020B8FF0100340C002033
:103D8000D80B002060120020D20B0020300C002045
:103D9000E7ECA43519135BCA2C0C0020EC0B0020B7
:103DA0004400002070120020140C0020B60B0020EC
:103DB00024FAFFFFB50B0020A0BB0D006044F2FF0A
:103DC000E00B002009000020D40B0020DC0B0020B9
:103DD000E40B00204FF4AF730A2203932B6841F2E7
:103DE0008830C3EBC30393FBF2F32B60B14B019A12
:103DF0001B88DFF8C4921BB2D11A81FB000100239B
:103E0000AE4AFCF7B7F9D9F800A0AD4A5044C9F85A
:103E10000000D9F80030002BD9F80030B8BF5B4261
:103E2000934208DD0023A74AC9F800301360A64A70
:103E3000137002237AE7A54B1B68002BB8BF5B42C7
:103E4000B3F5E17FCBBF0023A14B2B60336000E7CC
:103E5000A04BA1480393A14B00681A88A04BA1492D
:103E60001B8809681BB2A3F54873434312B2A2F53D
:103E7000487201FB02339C4A934236DB4CF2B33268
:103E8000934235DC642293FBF2F35B42BAF1C70F35
:103E90008D49336007DDB9F1C70F04DDBBF1C70FF2
:103EA000C4BF01230B70874B1A6805321A600A7869
:103EB0002AB941F28732196891427FF6CAAE41F2BF
:103EC0008732196891427FF6C4AEBAF1C70F06DD9A
:103ED000B9F1C70F03DDBBF1C70F3FF7BAAE002240
:103EE000824932600A701A60FFE64FF4FA73CDE738
:103EF0007F4BCBE711F57A7FC0F2898000211970E2
:103F00002378DFF8F0C1012B7B4F03D02378022BFD
:103F100040F0C48079490B780133DBB2072B7BD8A2
:103F20000B70039BB7F900100B440393C821D8F81A
:103F300000E00398654BDFF8C891A0EB0E00186015
:103F4000D9F8003000F19507A3EB0E0359436D4BF0
:103F5000B7F5957F19602B6800F2A78000EB80070A
:103F60003B44694FBB42B8BF3B4649F64047BB4262
:103F7000A8BF3B46654F2B60B7F90070C9F800E059
:103F80007B434FF47A7793FBF7F3614FB7F90070F7
:103F900000FB07335F4FB7F9007001FB073A42F2AD
:103FA00010779AFBF7F723785B49012BCCF8007068
:103FB000086008D1594B1B78981E012840F2CA802E
:103FC000002B00F0C7802378022B05D1534B1B78C0
:103FD00013F0FD0F00F0BE80514BB3F800C0514B01
:103FE000188842F20F739A4500F32B814E4B9A4585
:103FF00080F23F814D4BA7EB0C09B3F900303F1A1B
:10400000A9EB03094A4BB3F90030FF1A24E11B78EE
:10401000002B3FF475AF3EE6002346480B70016865
:10402000454B0191B3F90030DCF80010C3F164098D
:104030004B430199DFF804E101FB0933642193FB51
:10404000F1F33F490360B1F900003E49C01A0B6823
:1040500003447345B8BF73464CF2503E7345A8BF46
:1040600073460B603849B1F900104B4342F21071AE
:1040700093FBF1F33549B1F9001041434FF47A70E5
:1040800091FBF0F10B4432498B42B8BF0B4640F232
:10409000DC518B42A8BF0B463B8042E70021254BF9
:1040A00039801960274B196040E70A27DB0093FB32
:1040B000F7F35FE7D20B0020DC0B0020B8FF010014
:1040C0008F5F0100D40B0020B70B0020200C0020D4
:1040D000A2FEFFFF88FAFFFF1C000020420C002018
:1040E000400C0020200000204D3CFFFF0900002074
:1040F0000CFEFFFF100C0020FC0B0020B40B002076
:10410000B00B0020180C0020C063FFFF0C0C002037
:1041100054000020520000201C0C0020E40B002062
:104120004E0000204C000020F1D8FFFF0A0C0020B8
:10413000080C0020040C00203A000020B03CFFFFD7
:1041400040000020000C00203C0000203E00002029
:1041500024FAFFFF3068023B012B07EB000988BF00
:104160005D4BA7EB00078DBF5C4840F2023340F285
:10417000EE201B8888BF0088B9F1000F0CDD584E77
:104180004B44B6F900909944002F0EDDC3195548F1
:10419000B0F900701F440EE01FBF514EA9EB03039E
:1041A000B6F90090A3EB0909EEE704D03B1A4D489D
:1041B000B0F90070DF1B1378002B69D000234A4F41
:1041C0002B600B60B94641F28830FFF735FB42F2B5
:1041D0002832D8F8003003F58C531433934204D9B5
:1041E0000027B946414B2F601F60414B1A88414B55
:1041F00092B2952A1B8854D800273A462F6059421C
:104200008A42B8BF0A46BB42A8BF3B4626788B42CB
:10421000B8BF0B4638483949002E47D02678012EC2
:1042200044D02678022E41D02478052C3ED000239D
:104230002E4A2B6013601A465242028000220A80E6
:1042400039E0274B0CEB0709B3F9003007449944D8
:10425000244BB3F900301F443368002BABD0B9F1C5
:10426000000F0FD1002BE14606DA7FB1A9EB03095D
:1042700090E70027B946EFE7CCF10009002FF5D110
:104280000746F3E7002FF1D1002BF9DA4742EDE7BB
:104290001B4A1278002A96D040F6B8372B600B6084
:1042A00090E799454A46A8BF1A46A8E7002AC3DD09
:1042B0000A8000220280002B9AB21249124BD5BF0D
:1042C00052421A800A800023D6BF00220B801A8037
:1042D00009B0BDE8F08F00BF4A0000204800002070
:1042E0000A0C0020080C002048F4FFFF5C1200209C
:1042F0005612002050000020E80D0020E60D00209E
:10430000B50B0020EC0D0020EA0D002080B5A74D74
:104310009AB001F0D5FBFFF71FFA1022002113A875
:1043200007F0C4FAAB69002243F01003AB61AB693C
:104330004FF4005103F010030493049BAB699C48B5
:1043400043F02003AB61AB69002403F02003059325
:10435000059BAB69012743F00403AB61AB690226FF
:1043600003F004030693069BAB6943F00803AB61BB
:10437000AB6903F008030793079B02F0C3F900221F
:104380004FF400718B4802F0BDF94FF40053884898
:1043900013A9CDE91337CDE9154602F06BF84FF4B8
:1043A0000043844813A9CDE91334159402F062F850
:1043B0004FF400737F4813A9CDE91337CDE91546B3
:1043C00002F058F86B6922463B436B616B692146EA
:1043D0003B400B200393039B01F054FE0B2001F0A4
:1043E00081FE224621460E2001F04CFE0E2001F0F7
:1043F00079FE224621460F2001F044FE0F2001F0F5
:1044000071FE6D4A6D4B082513604FF48073936005
:104410004FF460231046CDE91344159414731475BA
:10442000D3615460156101F09BFD08B172B6FEE7DF
:104430000624CDE9130713A95F48159401F024FC65
:1044400008B172B6FEE75C4813A9CDE9137601F016
:104450001BFC08B172B6FEE713960326564813A953
:10446000149601F011FC08B172B6FEE7139604260B
:10447000514813A9149601F007FC08B172B6FEE783
:10448000139605264C4813A9149601F0FDFB08B1BC
:1044900072B6FEE7484813A9CDE9136401F0F4FBB6
:1044A00008B172B6FEE713940724434813A9149485
:1044B00001F0EAFB08B172B6FEE73F4813A9CDE967
:1044C000134501F0E1FB044608B172B6FEE70EAEFB
:1044D00001461022304607F0E9F91422214613A8BC
:1044E00007F0E4F947233648DFF8D8C00AAFC0E93F
:1044F00000C3F9230A947C60C0E90334C0E9054491
:10450000846004F0C9FF08B172B6FEE74FF480582A
:1045100031462B48CDF8388005F0A4F808B172B6C2
:10452000FEE7CDE9130013A9254805F092F908B17B
:1045300072B6FEE7CDE90A003946214805F00EFAC9
:10454000054608B172B6FEE701461022304607F074
:10455000ADF91422294613A807F0A8F94FF047092E
:104560004FF08043184C0A95C4E9003941F2873373
:1045700020467D60C4E90335A560A56104F08CFF89
:1045800008B172B6FEE731462046CDF8388005F016
:1045900069F808B172B6FEE7CDE9130013A9204609
:1045A00005F057F990B172B6FEE700BF0010024067
:1045B00000100140000C0140FC14002000240140C8
:1045C00094130020002C01404C130020CDE90A0078
:1045D0003946204605F0C2F9044608B172B6FEE736
:1045E00001461022384607F061F914222146304670
:1045F00007F05CF91C22214613A85B4D089409942E
:1046000007F054F9594B2846C5E9003942F20F73B7
:104610000DF1200AC5E90334AC60AC6104F03CFF45
:1046200008B172B6FEE739462846CDF8288005F075
:1046300019F808B172B6FEE7284604F059FF08B130
:1046400072B6FEE7002331464748CDE90E3305F048
:1046500000F908B172B6FEE7CDE9080051464248BC
:1046600005F07CF9024608B172B6FEE760231590AA
:10467000CDE91330179013A93B4804F091FF08B11E
:1046800072B6FEE70422384813A904F089FF08B186
:1046900072B6FEE70822344813A904F081FF08B17E
:1046A00072B6FEE70C22304813A904F079FF0446E5
:1046B00008B172B6FEE72C4800F004FE4FF4E13377
:1046C0002B482C4DC0E90244C0E900530C2304617F
:1046D000C0E90534C46105F0D9F9044608B172B6E1
:1046E000FEE706F03BFE24482449254BC0E902447E
:1046F000C0E900134FF48043C0E90644C0E9043424
:10470000046202F0DDF9044608B172B6FEE7102239
:10471000014613A807F0CAF847231A4D1A4A0E9407
:10472000C5E9002342F20F7328467460C5E90334DB
:10473000AC60AC6104F0B0FE08B172B6FEE74FF4B5
:104740008053284613A9139304F08CFF08B172B666
:10475000FEE7002331460B48CDE90E3305F0FEF8A5
:10476000044698B172B6FEE704130020000400402E
:1047700074120020003801406414002000580040EA
:10478000801A0600BC12002000080040554806F0C0
:104790006FFE554804F08AFD544804F087FD5448E4
:1047A00004F084FD2146524805F0D6F80421504813
:1047B00005F0D2F808214E4805F0CEF80C214C48FF
:1047C00005F0CAF84FF4005101224A4801F09AFF5F
:1047D000494800F0F1F9494800F0E8F9484800F08C
:1047E000DFF900F07FFB204600F070FB454800F049
:1047F000CFF8454800F0D2F8444800F0D5F800F072
:10480000F1F8434A434B10461360434B5360434B0C
:104810009360FCF76BF84248FCF7DAFD4148FCF77F
:10482000D1FD01224049414805F03FFB0122404BA8
:1048300040491A70404803230522FBF7C3FE40F6A7
:10484000B8323E4B3E491C703E4B3F481A803F4BAE
:104850003F4A1C703F4B00F010FF3F4B3F4A40481F
:10486000404900F00AFF404B404A1C70404B414811
:104870001C80414B1C80414B1C80414B1C80FEF72F
:10488000CDFBD2F8FC3043F08073C2F8FC303D4BD6
:104890005C601A683C4C42F001021A600190FEF71D
:1048A00031FC2378052B08D0FCF78CF8FEF70EFBC3
:1048B00001222C492A48FDF773FE00222049224894
:1048C000FDF76EFEFEF756F9FEF7AEF8FFF7FCF8BF
:1048D0000198FEF7ABFB0198FEF7B6FCFEF7ACFEC5
:1048E000DDE700BFDD130008941300204C13002007
:1048F00004130020001001406D1200201D14000858
:10490000451400086C1200204114000861140008CE
:10491000D80D0020091400087D140008B114000807
:104920009D1400081D150008E40D002074120020DD
:1049300074000020ADC50008B6C500084D0C00206D
:10494000181200205C0000200C1200204C0C0020EB
:10495000F40F0020F4100020F40E0020F40D0020CD
:10496000F411002000120020EE0D002000ED00E008
:10497000EC0D0020D00D0020E80D0020EA0D0020F5
:10498000E60D0020001000E07012002072B6FEE775
:10499000014B1860704700BF5C150020014B186088
:1049A000704700BF58150020014B1860704700BFCA
:1049B00054150020044A10B414680B46A44601465E
:1049C0000122D02010BC6047581500201346044A2D
:1049D00010B41468CAB2A446014610BCD020604787
:1049E0005415002013B500240DF107006B218DF83C
:1049F0000740FFF7DFFF04230DF1070019218DF8B1
:104A00000730FFF7D7FF02230DF107001A218DF8B9
:104A10000730FFF7CFFF0DF107001C218DF807408D
:104A2000FFF7C8FF1B210DF10700FFF7C3FF02B01E
:104A300010BD00000122044B1A70044B1B680BB11F
:104A400000221A70704700BF990000205C150020FA
:104A500008B51A4B19681A4B08781A7818B9012A40
:104A600023D0002008BD0020012A08701DD0022A92
:104A7000F7D101201870134B13491A88D2BA0A6073
:104A80005A881249D2BA0A609A881149D2BA0A6081
:104A90001A891049D2BA0A605A890F49D2BA9B8939
:104AA0000A600E4ADBBA1360DCE702220E211A709C
:104AB00004483B22FFF78AFFD3E700BF5C150020C4
:104AC000990000202C150020501500204C150020C6
:104AD0004815002044150020401500203C150020FA
:104AE00070B5DDE9045410B10B4E3668068011B183
:104AF0000A480068088012B109490968118013B199
:104B0000084A12681A8015B1074B1B682B8014B134
:104B1000064B1B68238070BD501500204C150020EB
:104B20004815002044150020401500203C150020A9
:104B300013B5064B8DF807001C680122002378206E
:104B40000DF10701A04702B010BD00BF6C19002095
:104B500013B5064B8DF807001C680122002378204E
:104B60000DF10701A04702B010BD00BF6819002079
:104B7000044B10B41C68CAB2A446014640237820F6
:104B800010BC60476C190020044B10B41C68CAB2FA
:104B9000A44601464023782010BC604768190020D5
:104BA000014B1860704700BF68190020014B186066
:104BB000704700BF6C190020014B1860704700BFA0
:104BC0007019002000284FF4806214BFFF210021DB
:104BD000014806F06BBE00BF6615002038B5B02452
:104BE0000A4D2046FFF7A4FF0020FFF7A1FF013484
:104BF0001020FFF79DFFE4B228468021FFF7B8FFA1
:104C0000B82C05F18005ECD138BD00BF6615002039
:104C100038B51C4B1C4C1A682378117819B9012B34
:104C20000AD0002038BD0021013B1170032BF8D8B9
:104C3000DFE803F0020B1015144B18785038C0B29F
:104C4000FFF786FF02232370EBE70020FFF780FFCA
:104C50000323F8E71020FFF77BFF0423F3E70B4D56
:104C60000B4B2878802103EBC010FFF78DFF01204C
:104C70002B7820700133DBB2072B2B70D1D90023A6
:104C80002B70CFE7701900209A00002066190020D1
:104C9000661500200022054B1A700122044B1A7081
:104CA000044B1B6803B11A70704700BF66190020DF
:104CB0009A00002070190020030630B510D43F2957
:104CC0000ED80124CB08074D00EBC3102B5C01F07C
:104CD000070104FA01F1A2420CBF0B438B432B5492
:104CE00030BD00BF661500202DE9F04F044689B0A5
:104CF00008A800E90E009DF84830A4F120050293B1
:104D0000EBB25E2B47D8079B23B3234413F8206CE8
:104D1000224AB2F8009009EB0603802B3BDC538853
:104D20009DF815B0019303EB0B02402A33DC029B84
:104D30004FF00008B3FA83FA0BFB05F54FEA5A1A55
:104D40006D00C34509D8154B4E441E80204609B05E
:104D5000BDE8F08F9DF81460DAE70027069A535BF0
:104D60000493019B08EB0302D3B20393BE4203D822
:104D700008F101080235E4E7049B07EB090003FA98
:104D800007F2130454BF5246029A0399C0B2FFF7C8
:104D900093FF0137EAE70024D8E700BF6015002041
:104DA00070B586B003AC84E80E009DF82860451EFF
:104DB00015F8010F40B1009694E80E00FFF794FF3C
:104DC000034628788342F3D006B070BD014B1880AB
:104DD00059807047601500202DE9F74F9046A8EBE9
:104DE0000009A3EB010AB9F1000F1E46B8BFC9F1D3
:104DF0000009BAF1000FB8BFCAF1000A804594BF9C
:104E00004FF0FF33012305460C468E4294BF4FF00E
:104E1000FF3B4FF0010B404631469DF83020009398
:104E2000A9EB0A07FFF748FFCAF10003454504D183
:104E3000B44202D103B0BDE8F08F21462846019369
:104E4000FFF73AFF019B7900B3EB470FBFBF009814
:104E5000A7EB0A072D18EDB28945C2BF5C444F4449
:104E6000E4B2E3E72DE9F0411446A042804628BFB2
:104E7000A046A042064638BF264699420C4628BFA7
:104E80001C46994238BF19460F469DF81820BC426F
:104E900001D83F2C01D9BDE8F081454607E02B063B
:104EA00007D428462146FFF707FF0135EDB2B5428A
:104EB000F5D90134E4B2EAE710B504468120FFF7E2
:104EC00037FE2046BDE81040FFF732BE034628B14A
:104ED0000123AF20024A5371FFF72ABEAE20F9E743
:104EE0006015002008B5642000F00EFE0020FFF7DA
:104EF000EDFF2020FFF71CFE0020FFF719FEB02079
:104F0000FFF716FEC820FFF713FE0020FFF710FE84
:104F10001020FFF70DFE4020FFF70AFEFF20FFF7ED
:104F2000CBFFA120FFF704FEA620FFF701FEA8207B
:104F3000FFF7FEFD3F20FFF7FBFDA420FFF7F8FD84
:104F4000D320FFF7F5FD0020FFF7F2FDD520FFF796
:104F5000EFFDF020FFF7ECFDD920FFF7E9FD22205F
:104F6000FFF7E6FDDA20FFF7E3FD1220FFF7E0FD93
:104F7000DB20FFF7DDFD2020FFF7DAFD8D20FFF7B6
:104F8000D7FD1420FFF7D4FD0120FFF79FFF00207D
:104F9000FFF718FEFFF722FE0022034B1A805A800B
:104FA00001221A7108BD00BF601500200E4B82B0AF
:104FB0009A6942F001029A619A6902F00102009234
:104FC000009ADA6942F08052DA61DB69074A03F03D
:104FD00080530193019B536823F0E06343F08063A7
:104FE000536002B0704700BF001002400000014053
:104FF00030B5054687B01022002102A806F056FC05
:105000002A68204B9A423BD103F56C439A691E48AB
:1050100042F400729A619A6902A902F40072009245
:10502000009A9A69194C42F004029A619B69FF2226
:1050300003F004030193019B0323CDE9022301F054
:1050400019FA80204FF480720023C4E903024FF460
:1050500080620F492046C4E90013C4E90523A36018
:10506000E36101F073F808B1FFF790FC0022122011
:105070002C621146656201F005F8122001F032F849
:1050800007B030BD0024014000080140B8140020E2
:105090000800024030B5054687B01022002102A862
:1050A00006F004FC2A682E4B9A4256D12D4C4FF440
:1050B0004061A3692C4843F00803A361A36903F08E
:1050C00008030093009B1223CDE90213032302A9D6
:1050D000059301F0CFF9E369802243F48003E36193
:1050E000E369224803F480030193019B0023204CD1
:1050F000C4E900032046C4E90323C4E90533A360DF
:10510000E36101F023F808B1FFF740FC1023194ACE
:10511000AC636562184CC4E900230023802220465A
:10512000C4E90232C4E90433C4E9063301F00EF8DD
:1051300008B1FFF72BFC0022212011466C63656249
:1051400000F0A0FF212000F0CDFF00222220114618
:1051500000F098FF222000F0C5FF07B030BD00BF6F
:105160000058004000100240000C0140580002406E
:105170002014002044000240DC1300200268114B80
:1051800010B59A4204461CD10F4A4FF48061D3698E
:105190000E4823F48003D36101F040FA4FF400611C
:1051A0000A4801F03BFAA06B01F000F8606B00F0D8
:1051B000FDFF212000F0A4FFBDE81040222000F0F8
:1051C0009FBF10BD0058004000100240000C01407D
:1051D0001FB50368374A93422CD1374B18209A6980
:1051E00042F400629A6100229B69114603F4006355
:1051F0000093009B00F046FF182000F073FF002290
:105200001920114600F03EFF192000F06BFF00222C
:105210001A20114600F036FF1A2000F063FF00222A
:105220001B20114600F02EFF1B2005B05DF804EB9B
:1052300000F058BFB3F1804F11D103F50433DA69A0
:105240001C2042F00102DA610022DB69114603F002
:1052500001030193019B00F015FF1C20E5E7174AAD
:10526000934210D1144B1D20DA6942F00202DA6138
:105270000022DB69114603F002030293029B00F057
:1052800001FF1D20D1E70E4A934210D10A4B1E2088
:10529000DA6942F00402DA610022DB69114603F0A8
:1052A00004030393039B00F0EDFE1E20BDE705B051
:1052B00000BD00BF002C014000100240000400406F
:1052C0000008004010B5044686B01022002102A854
:1052D00006F0ECFA2268114B9A421CD103F5033315
:1052E0009A690F4842F008029A619B69332203F0E1
:1052F00008030193019B022302A9CDE90223059330
:1053000001F0B8F8074A536823F4406343F0E063C0
:1053100043F40063536006B010BD00BF00040040BA
:10532000000C01400000014010B5044686B0102278
:10533000002102A806F0BAFA22681B4B9A4230D12B
:1053400003F558439A69194842F480429A619A6970
:1053500002A902F480420092009A9A69002442F065
:1053600004029A619B694FF4007203F004030193F5
:10537000019B0223CDE902230323059301F07AF870
:105380004FF48063094802A9CDE90234049401F086
:1053900071F825202246214600F074FE252000F0F9
:1053A000A1FE06B010BD00BF00380140000801405A
:1053B000FEE7FEE7FEE7FEE7FEE77047704770474F
:1053C00000F090BB014800F0BDBF00BFB814002042
:1053D000014800F0B7BF00BFDC130020014800F017
:1053E000B1BF00BF20140020014800F0CDBB00BFBA
:1053F000FC140020014802F003BE00BF7828002002
:10540000FFF7F8BF014803F080BF00BF94130020EE
:10541000FFF7F8BFFFF7F6BFFFF7F4BF014803F04F
:1054200074BF00BF4C130020014803F06EBF00BFE3
:1054300004130020014803F068BF00BFBC12002025
:10544000014802F04FB800BF64140020014802F088
:10545000A3BC00BF64140020014804F0C3BB00BF1C
:10546000741200200A4A0346106810B508B90948AA
:1054700010600949094C0344091B8B4206D906F008
:1054800059FA0C2303604FF0FF3010BD1360FCE7A6
:1054900074190020982C0020005000200004000007
:1054A00070470346002030B5187258791C68451CB7
:1054B0005D715525987125545879DC790132204069
:1054C000451C5D714E251C68D2B225545879DC7993
:1054D0002040451C5D7145251C6825545879DC79B0
:1054E0002040451C5D7152251C6825545879DC7993
:1054F00020401C68451C5D7122545879DC794A4073
:105500002040451C5D713A251C6825545879DC798A
:1055100020401C68451C5D7121545879DC7920407D
:10552000587107205872187A504080F0360018726F
:1055300030BD034610B5427A013242725A79006892
:10554000541C5C7181545A79D87902405A711A7A84
:1055500081EA0200187210BD002337B58DF80730BC
:105560009DF80730CB5C13B9007A03B030BD437AA5
:105570009DF8074001334372437902685D1C457111
:105580000C5DD4544379C27913409DF807204371D0
:10559000531CDBB28DF807308B5C027A53400372E8
:1055A000DEE7034610B5C4798079014421401868CC
:1055B0009971405C11440C409C7110BDF0B5002401
:1055C000052645790379AB4201D10020F0BD827AEE
:1055D000072A50D8DFE802F0040F1C22282D4F3E86
:1055E0000268D25C552A01D101228272C27901334C
:1055F00013400371E6E70268D25C4E2A01D1022211
:10560000F3E7552AF2D000228272013BDBB2EDE7CC
:105610000268D25C452A1BD10322E6E70268D25C0D
:10562000522A15D10422E0E70268D25C86724272E7
:10563000DCE70268D25C3A2A0AD10721C27981727A
:10564000591C0A408271427A82F036020272CDE71A
:105650008472DAE7427A0768013AD2B2017A42727A
:105660001AB1FA5C51400172C0E78272FA5C8A4258
:10567000BCD10120AAE78472B8E710B502604FF0F0
:105680007F440022446002818272C1E900340A81B1
:105690008A7210BD2DE9F04F384C394A237800202A
:1056A000D7564033DBB212F90380364B8BB01B78F0
:1056B00012F903904033DBB212F903A0324B1B788E
:1056C000D5564033DBB2D656FFF77CFA00202F497F
:1056D00002AAB1F902B0B1F904C00BFB08F30CFB4C
:1056E00008FE0CFB173331F906CB0BFB07EE0AFB68
:1056F0000CFC4FEAEE1E09FB0ECC4FEAEC1C0CFB37
:1057000006FEDB1103FB15EE73430CFB05334FEA7A
:10571000EE1EDB1101300EF1400E20330828A2F8F6
:1057200000E0538002F10402D3D100260127184D76
:105730000AAB0AA9D5E9000203EB820201EB800063
:1057400012F81E3C10F81E1C12F8202C10F8200C29
:1057500001360097FFF740FB0C2E05F10805E7D155
:105760002378084A02332370137801331370064AF2
:105770001378033313700BB0BDE8F08F8519002048
:105780007CE5000884190020831900204CE50008FE
:10579000ECE400082DE9F04F3E4B3F4A1B78002017
:1057A000D4564033DBB2D5563C4B93B01B7812F93C
:1057B00003804033DBB212F90390394B1B78D65685
:1057C0004033DBB2D756FFF7FDF94FF0000C3549F7
:1057D00002A8B1F90020B1F906E002FB07F3B1F924
:1057E00004A00EFB16330EFB07FE0AFB05FB02FBB3
:1057F00006EEDB11B1F9022003FB04BB09FB02F248
:105800006B434FEAEB1B08FB1B220AFB14334FEAE6
:10581000EE1ECEF1300ED211DB110EFB02F20EFBAA
:1058200003F392119B110CF1010C40332032BCF1B7
:10583000100F0380428001F1080100F10400C8D17B
:1058400000250126184C12AB12A9D4E9000203EB83
:10585000820201EB800012F83E3C10F83E1C12F868
:10586000402C10F8400C01350096FFF7B5FA202DBA
:1058700004F10804E7D1074A137801331370074A8B
:10588000137801331370064A13780233137013B080
:10589000BDE8F08F821900207CE500088119002006
:1058A000801900206CE400086CE300082DE9F04F3B
:1058B000384C394A23780020D7564033DBB212F9EE
:1058C0000380364B89B01B7812F903904033DBB26A
:1058D00012F903A0324B1B78D5564033DBB2D656B3
:1058E000FFF770F900202F4903AAB1F902B0B1F90E
:1058F00004C00BFB08F30CFB08FE0CFB173331F95B
:1059000006CB0BFB07EE0AFB0CFC4FEAEE1E09FB75
:105910000ECC4FEAEC1C0CFB06FEDB1103FB15EE74
:1059200073430CFB05334FEAEE1EDB1101300EF121
:10593000400E20330528A2F800E0538002F1040253
:10594000D3D100260127184D08AB08A9D5E90002DC
:1059500003EB820201EB800012F8123C10F8121CDB
:1059600012F8142C10F8140C01360097FFF734FAD3
:10597000082E05F10805E7D12378084A0233237081
:10598000137803331370064A13780133137009B088
:10599000BDE8F08F851900207CE5000884190020FF
:1059A000831900204CE300080CE3000808B500F060
:1059B000A5F80022024B1860024B1A7008BD00BF08
:1059C0007C1900207819002010B500F097F8154ACE
:1059D0001549136853B910600B78012B16D0022BB0
:1059E00018D0DBB9BDE81040FFF754BE42F20F7487
:1059F000C31AA342F0D9106003220B780133B3FB22
:105A0000F2F202EB42029B1A0B70E5E7BDE8104090
:105A1000FFF7C0BEBDE81040FFF748BF00230B7082
:105A2000E0E700BF7C19002078190020FFF738FD5F
:105A30000B480C490C4A002302E0D458C4500433EC
:105A4000C4188C42F9D3094A094C002301E01360C1
:105A50000432A242FBD305F073FFFEF757FC7047F8
:105A60000000002070020020A0E600087002002064
:105A7000982C0020FEE7000038B50E4B05461A783A
:105A80004FF47A73B3FBF2F30B4A1068B0FBF3F0F8
:105A900000F048FB044658B90F2D09D802462946A4
:105AA0004FF0FF3000F0EEFA2046044B1D6038BD89
:105AB0000120FCE7A00000209C000020A4000020A2
:105AC000074A08B51368032043F01003136000F081
:105AD000C7FA0F20FFF7D0FFFFF768FA002008BDD4
:105AE00000200240034A044B11681B780B441360EA
:105AF000704700BF88190020A0000020014B1868E3
:105B0000704700BF8819002038B50446FFF7F6FF3C
:105B10000546631C1EBF044B1B78E418FFF7EEFF1D
:105B2000431BA342FAD338BDA0000020436A10B53E
:105B30009A6A12F0500F1BD19A6A42F400729A626C
:105B40001A68926802F46022B2F5602F0CD11A7BB9
:105B500052B99A6A22F480729A629A6AD2045EBF3B
:105B60009A6A42F001029A621846FBF745FD10BDA1
:105B70001B6ABDE810401B6B1847704708B5406AA8
:105B8000FFF7FBFF08BD7047036870B51D685E68CE
:105B90000446B00626D5A90724D5A26AD2065EBF60
:105BA000A26A42F40072A2629A6802F46022B2F51C
:105BB000602F10D1227B72B95A6822F020025A60FD
:105BC000A36A23F48073A362A36AD8045EBFA36AA6
:105BD00043F00103A3622046FBF70EFD6FF01202B3
:105BE00023681A60310630D56A072ED5A36ADB0612
:105BF0005EBFA36A43F40053A36223689A6802F469
:105C0000E042B2F5E04F0AD05A68500516D49A68BF
:105C100002F46022B2F5602F10D1227B72B95A686B
:105C200022F080025A60A36A23F48053A362A36A1D
:105C3000D9055EBFA36A43F00103A362204600F0CA
:105C40000DFA6FF00C0223681A6072060CD5EB0790
:105C50000AD5A36A204643F48033A362FFF793FF7B
:105C60006FF0010223681A6070BD7047406A08B582
:105C7000836A43F040038362C36A43F00403C36250
:105C8000FFF7F3FF08BD0000002373B5019390F800
:105C900024300446012B6CD0012380F824304D6859
:105CA0000268062D086805EB850322D81F26556B70
:105CB000053B9E4025EA060500FA03F32B43536398
:105CC00009288B6800EB40054FF0070129D9D668F9
:105CD0001E3DA94026EA0101AB400B43D360A0F171
:105CE0001003012B25D90020002384F8243002B0B2
:105CF00070BD0C2D4FF01F0509D8166B233B9D403E
:105D000026EA050500FA03F32B431363D8E7D66AA6
:105D1000413B9D4026EA050500FA03F32B43D3627D
:105D2000CEE71069A94020EA0101AB400B431361A3
:105D3000D9E7114B9A4216D193681B02D3D49368CA
:105D4000102843F400039360CDD10C4B0C4A1B6820
:105D5000B3FBF2F30A2253430193019B002BC2D001
:105D6000019B013BF8E7A36A012043F02003A362F3
:105D7000BAE70220BBE700BF002401409C000020DE
:105D800040420F00002337B50193036804469A6828
:105D9000D20702D5002003B030BD9A6842F001025C
:105DA0009A60144B144A1B68B3FBF2F30193019BF6
:105DB000E3B9FFF7A3FE054623689B68DB07E9D438
:105DC000FFF79CFE401B0228F6D923689B6813F05E
:105DD0000103F1D1A26A012042F01002A262E26A3C
:105DE00084F8243042F00102E262D4E7019B013BD7
:105DF000DCE700BF9C00002040420F002DE9F0418D
:105E00003F4B9046026804469A420F4602D03D49F5
:105E10008A4203D15B6813F4702F6DD194F824305B
:105E2000012B6BD00123204684F82430FFF7AAFF12
:105E3000064600285DD1A56A2168324B25F47065BD
:105E400025F0010545F480759942A56204D12C4ADC
:105E5000536813F4702F3ED1A36A23F48013A36216
:105E60004B685A0505D5A36A23F4405343F4805385
:105E7000A362A36A206A13F4805318BFE36A3A4608
:105E800018BF23F00603E362002384F824301E4B7E
:105E90004C3183621D4BC3621D4B03636FF00203E1
:105EA00041F84C3C51F8443C43F4807341F8443C85
:105EB000434600F0A5F923689A6802F46022B2F51F
:105EC000602F9A680CBF42F4A00242F480129A60DC
:105ED0003046BDE8F081A36A43F48013A36253689F
:105EE0005B0541BFA06A20F4405040F48050A0629E
:105EF000BFE7002384F824300126E9E70226E7E71C
:105F000000240140002801402D5B00087D5B000853
:105F10006D5C000838B5036804469A68D10701D45F
:105F2000002038BD9A6822F001029A60FFF7E6FD72
:105F3000054623689B68DB07F2D5FFF7DFFD401BB2
:105F40000228F6D923689B68DA07F2D5A36A0120F4
:105F500043F01003A362E36A43F00103E362E0E766
:105F6000F8B5044600286DD0836A23B9C36280F86F
:105F70002430FFF73DF82046FFF7CCFFA36A13F06B
:105F8000100361D100285FD1A26A616822F48852AF
:105F900022F0020242F00202E569A668A262227BB8
:105FA0002943B6F5807F41EA420136D0771E7D4213
:105FB0007D412D02277D012F06D182BBA269013AC6
:105FC00045EA423242F400652268B6F5807F5768A0
:105FD00027F4694745EA0705556097681D4D05EAAE
:105FE000070545EA0105956001D0012E02D123691C
:105FF000013B1B05D56A25F470052B43D3629268DB
:10600000154B1340994213D10023E362A36A23F096
:10601000030343F00103A362F8BD3546CAE7A26A51
:1060200042F02002A262E26A42F00102E262CBE7A1
:10603000A36A23F0120343F01003A362E36A43F060
:106040000103E3620120E7E7A36A43F01003A362C0
:10605000F8E700BFFDF7E1FFFE0E1FFF70470000ED
:1060600007490302CA6803F4E06322F4E062120401
:10607000120C134343F0BF6343F40033CB6070470B
:1060800000ED00E0154B30B5DC68C4F30224C4F128
:106090000703251D042B28BF0423062D4FF0FF35D1
:1060A00094BF0024033C05FA03F321EA0303A5404F
:1060B00022EA0502A340002843EA0203ACBF00F134
:1060C0006040074A4FEA0313DBB2ABBF00F5614003
:1060D00000F00F0080F80033135430BD00ED00E0F5
:1060E00014ED00E0002807DB01234109034A00F01A
:1060F0001F00834042F82130704700BF00E100E0FC
:1061000000280CDB01220649430900F01F008240F1
:10611000203341F82320BFF34F8FBFF36F8F7047B9
:1061200000E100E00138B0F1807F0BD24FF0E023B6
:10613000F021054A586182F8231000200722986157
:106140001A6170470120704700ED00E0034610B56A
:1061500030B301681420134A0A44B2FBF0F29200F3
:106160001A64114ADA63022283F82120D3E9012458
:106170002243DC68086822431C696FF30D10224338
:106180005C6922439C692243DC69224302430A6022
:1061900000200122986383F8200083F8212010BD9D
:1061A0000120FCE7F8FFFDBF0000024010B508B376
:1061B0000168114A0B680A4423F001030B600023B5
:1061C0000B604B608B60CB601421B2FBF1F20121BC
:1061D0000A4C9200026401FA02F2C46362608363B3
:1061E000C0E90A33C0E90C3380F8213080F8203050
:1061F000184610BD0120FCE7F8FFFDBF000002407B
:10620000F0B590F82040012C34D0012480F82040D3
:1062100090F82140012CE5B24FF0000428D102266D
:1062200080F8216084630468266826F001062660F1
:10623000D0E90F67BD40756063604368102BC36A87
:106240000BBFA260A160E160E2604BB1236843F044
:106250000E0300202360236843F001032360F0BD98
:10626000236823F004032360236843F00A03F0E764
:1062700080F820400220F2E790F821200346022A0D
:1062800006D0042282630120002283F82020704778
:106290000268C06B116821F00E011160116821F0D5
:1062A0000101116001211A6C01FA02F24260002022
:1062B00083F82110E8E7000008B590F82130022BA0
:1062C00003D004238363012008BD03681A6822F009
:1062D0000E021A601A6822F001021A60174A9342ED
:1062E0001FD0143293421ED0143293421DD0143268
:1062F00093421DD0143293421DD01432934214BFE6
:106300004FF080734FF480130D4A5360012380F8DF
:106310002130002380F82030436B03B198470020E0
:10632000D2E70123F0E71023EEE74FF48073EBE7A9
:106330004FF48053E8E74FF48033E5E7080002406C
:106340000000024070B40425C66B026C3468036818
:1063500095402542196832D04D0730D51A68960607
:106360005EBF1A6822F004021A603E4A934219D0B6
:106370001432934218D01432934217D014329342FD
:1063800017D01432934217D01432934214BF4FF0F7
:1063900080634FF48003344A5360C36A002B5ED09D
:1063A00070BC18470423F6E74023F4E74FF48063FA
:1063B000F1E74FF48043EEE74FF48023EBE702254B
:1063C0009540254235D08D0733D51A68940606D4FA
:1063D0001A6822F00A021A60012280F82120214A5C
:1063E000934219D01432934218D01432934217D0EA
:1063F0001432934217D01432934217D0143293427E
:1064000014BF4FF000734FF40013174A536000237A
:1064100080F82030836AC1E70223F6E72023F4E7FF
:106420004FF40073F1E74FF40053EEE74FF40033FD
:10643000EBE708259540254211D009070FD51968CB
:1064400021F00E011960012303FA02F272608363E6
:1064500080F82130002380F82030036B9EE770BC69
:10646000704700BF080002400000024090F8210081
:10647000704700002DE9F74F00244FF00F0E26461D
:10648000DFF884C1614B00F104080A6832FA06F5AE
:1064900002D103B0BDE8F08F012505FA06F702EA44
:1064A000070537EA020276D14A68032A07D8013A7B
:1064B000022A00F28380DFE802F091969C00122A03
:1064C00000F0948069D8112A00F08A80FF2D94BFD3
:1064D0008146C1464FEA8602D9F8007088BF203A4B
:1064E0000EFA02FA27EA0A0704FA02F21743C9F879
:1064F0000070D1F8049019F0805F4CD0DCF81820BF
:1065000026F0030742F00102CCF81820DCF818202E
:1065100007F1804702F00102019207F5803706F08B
:10652000030A019A4FEA8A0ABA680EFA0AFB22EABB
:106530000B0B374A904260D002F5806290425ED0E9
:1065400002F5806290425CD002F58062904214BFF6
:106550000422032202FA0AF242EA0B02BA609A68A3
:1065600019F4801F14BF2A43AA439A60DA6819F409
:10657000001F14BF2A43AA43DA605A6819F4003F87
:1065800014BF2A43AA435A601A6819F4803F14BF03
:106590002A43AA431A60013677E7DFF878904A4524
:1065A0000CD014D8A9F580194A4507D009F57029EF
:1065B0004A4503D0A9F580194A4587D18A68D2B1E6
:1065C000012A4FF008040CBF076147617EE7DFF83E
:1065D00048904A45F2D009F58039EDE7CC6875E777
:1065E000CC68043472E7CC6808346FE7CC680C34AC
:1065F0006CE700246AE7042468E70022AAE7012286
:10660000A8E70222A6E700BF0010024000040140F4
:106610000008014000002210000031102DE9F74F62
:106620004FF0040B00224FF0010A4FF00F0800EB6F
:106630000B0301932E4B31FA02F402D103B0BDE8F3
:10664000F08F0AFA02F70F4049D022F0030404F158
:10665000804404F5803402F0030CA5684FEA8C0CEA
:1066600008FA0CF909EA050E224DA84239D005F5C1
:106670008065A84237D005F58065A84235D005F57C
:106680008065A84214BF0425032505FA0CF575455D
:106690006FEA07060FD11D6835401D605D68354003
:1066A0005D60DD683540DD609D6835409D60A568B2
:1066B00025EA0905A560FF2F94BF0746019F4FEA11
:1066C00082043D6888BF203C08FA04FC25EA0C05DA
:1066D0000BFA04F425433D60C4683440C4600132C1
:1066E000A9E70025D1E70125CFE70225CDE700BFC7
:1066F000000401400008014080680840003818BFCD
:10670000012070470AB1016170470904FBE7016885
:1067100000224B6913F4806310D06FF480634B61E7
:106720002023026380F83D3080F83E20036C80F81F
:106730003C2043F00403036401207047184670476F
:106740002DE9F84606460F4691461D464FEA114A86
:106750003368BAF1010F39D15C6927EA0404A4B2A5
:10676000B4FA84F46409A14501D0002024E06A1C35
:10677000EFD0FFF7C3F9089BC01AA84201D8002D3B
:10678000E6D1BAF1010F336818D15B6927EA030338
:106790009BB2B3FA83F35B099945D9D10023202238
:1067A0000120336386F83D2086F83E30326C86F84F
:1067B0003C3042F020023264BDE8F8869B69DB433E
:1067C000C3F3400383F00103DBB2E5E79C69E443D4
:1067D000C4F3400484F00104E4B2C4E72DE9F041BD
:1067E00004460F46164698462568686927EA000061
:1067F00080B2C0B16B695A0517D52B68202243F4CB
:1068000000732B606FF480636B610023236384F853
:106810003D2084F83E30236C43F0040323640023BE
:10682000012084F83C30BDE8F081731CDDD0FFF717
:1068300065F9A0EB0800B04201D8002ED4D123683E
:106840005A6927EA020292B2002ACDD00023202200
:10685000236384F83D2084F83E30236C1343DDE746
:1068600070B504460D46164623685B691B0601D5C4
:1068700000201EE02046FFF74AFFC8B96A1CF3D08B
:10688000FFF73CF9801BA84201D8002DECD123680A
:106890005B6913F08003E7D12022236384F83D2055
:1068A00084F83E30226C84F83C3042F020022264AE
:1068B000012070BD2DE9F043154602689946136822
:1068C00085B043F480731360DDE90C780E463B46D7
:1068D00000224FF00111CDF800800446FFF730FF91
:1068E000236838B11B68DB0502D54FF400732364BD
:1068F000032620E006F0FE061E613A464346204687
:106900001849FFF76BFFA8B9236803905A69394605
:1069100003929B69424603932046039BFFF7A0FF27
:10692000064660B1236C042B01BF2268136843F450
:10693000007313600126304605B0BDE8F083B9F15D
:10694000010F236802D1EDB21D61F4E72A0A1A6132
:10695000394642462046FFF783FF0028E2D12368EC
:10696000F1E700BF020001002DE9FF479A46DDE98B
:106970000C78036815461A680E4642F480621A6065
:106980001A684FF0011142F480721A603B460022EF
:10699000CDF800800446FFF7D3FE236848B11B689A
:1069A000DB0548BF4FF400734FF0030048BF23647A
:1069B00021E05FFA86F906F0FE061E613A4643467C
:1069C00020462949FFF70AFFA0B9236803905A69B6
:1069D000394603929B69424603932046039BFFF787
:1069E0003FFF58B1236C042B01BF2268136843F4A6
:1069F00000731360012004B0BDE8F087BAF1010F05
:106A000023681AD1EDB24246394620461D61FFF790
:106A100027FF02460028E5D1216820460B6843F491
:106A200080730B603B464FF00111CDF80080FFF7FB
:106A300087FE226860B11368B2E72A0A1A613946F4
:106A400042462046FFF70CFF0028CBD12368D9E748
:106A500049F001031361204643463A46024904B017
:106A6000BDE8F047FFF7BABE0200010070B504466A
:106A70000D46164623685B695B0701D500201EE0C2
:106A80002046FFF744FEC8B96A1CF3D0FFF736F87A
:106A9000801BA84201D8002DECD123685B6913F05C
:106AA0000403E7D12022236384F83D2084F83E309C
:106AB000226C84F83C3042F020022264012070BD38
:106AC00070B5044608B9012070BD90F83D3003F060
:106AD000FF021BB980F83C20FEF7DCFA242384F87F
:106AE0003D3023681A6822F001021A601A6842F4E5
:106AF00000421A601A6822F400421A6002F0C8FAD2
:106B00003F4B65689D4294BF3E4B3F4B98428CBFC4
:106B100000230123002BD6D1394E3C4BB542B0FBAC
:106B2000F3F388BF4FF496762268516821F03F0155
:106B300041EA030182BF73434FF47A76B3FBF6F365
:106B40005160116A013321F03F010B431362D16997
:106B5000431E2B4821F44F41854221F0FF0132D8DA
:106B60006D00B3FBF5F340F6FC700133034242D0F5
:106B7000C3F30B031943D1611168D4E9073021F045
:106B8000C00103430B4313609168D4E9030321F46C
:106B90000341034321F0FF010B439360D168D4E923
:106BA000053021F0FF0103430B43D360136800203D
:106BB00043F0010313602023206484F83D302063F8
:106BC00084F83E0080E7A06850B905EB4505B3FBAB
:106BD000F5F30133C3F30B037BB143F40043C9E77F
:106BE00019206843B3FBF0F30133C3F30B0323B164
:106BF00043F44043BEE70423BCE70123BAE700BFE8
:106C0000A08601007F841E00FF083D0040420F0067
:106C100010B5044698B12423026880F83D3013680B
:106C200023F001031360FEF7A9FA0020206484F822
:106C30003C0084F83D00206384F83E0010BD012034
:106C4000FCE700002DE9F743044699460F469046BD
:106C50000C9EFEF753FF94F83D300546202B03D0E1
:106C6000022003B0BDE8F0830090192301222046E2
:106C70003A49FFF765FD0028F2D194F83C30012B2A
:106C8000EED00123206884F83C3003684246D907DF
:106C900058BF036839465CBF43F0010303600368D3
:106CA00023F400630360212384F83D30402384F8FB
:106CB0003E30002323640A9B20466362BDF82C30DB
:106CC0006385638D2385264BE3624B46CDE90065E2
:106CD000FFF7F0FD00282AD00120C2E7FFF7C0FD32
:106CE00040B1236C042B01BF2268136843F4007386
:106CF0001360F1E7636A27681A4612F8011B3961CD
:106D00006262628D218D013A92B262857A69481E73
:106D100080B2520720850AD548B15A7802333A61C9
:106D20006362638D0239013B9BB221856385238DAC
:106D30002A4631462046002BD0D1FFF797FE002887
:106D4000CFD12268136843F400731360202384F8C2
:106D50003C0084F83D3084F83E0082E702001000D9
:106D60000000FFFF2DE9FF479946002304460293E8
:106D70000F4690460C9EFEF7C1FE94F83D308246C9
:106D8000202B16D146F2A812554B1B68B3FBF2F329
:106D9000192253430293029B013B0293029B53B976
:106DA0002022236384F83D2084F83E30236C134373
:106DB0002364022066E0226893699907EBD494F873
:106DC0003C30012BF5D0012384F83C3013680025BA
:106DD000DB0758BF136843495CBF43F001031360EE
:106DE000136823F400631360212384F83D304023AB
:106DF00084F83E30BDF8343025646385638D666267
:106E00009BB2E16223856764C4F84880C4F84C9063
:106E10002565002B57D0606B40B3334945638162D1
:106E200032491032C0E90B513146FFF7E9F9064605
:106E300000283CD123234246009339464B46204646
:106E4000CDF804A0FFF736FDF8B1606BFFF734FA18
:106E5000636B9E6223681A6822F480621A606685FA
:106E60001A68268522F001021A600AE0202384F8BD
:106E70003D3084F83E00236C84F83C0043F08003EE
:106E80002364012004B0BDE8F087236803905A69A9
:106E900003929A6984F83C000392039A5A6842F478
:106EA00080725A605A6842F400625A60EAE720230E
:106EB00084F83D3084F83E50236C84F83C5043F015
:106EC00010032364DDE7202284F83D2084F83E305F
:106ED000226C84F83C3042F040022264D1E700BFCB
:106EE0009C0000200000FFFFBD71000883710008B6
:106EF0002DE9F04786B0044698460E461746DDF861
:106F000038A0FEF7FBFD0023039394F83D30814643
:106F1000202B03D0022006B0BDE8F08746F2A8126D
:106F2000644B1B68B3FBF2F3192253430393039B97
:106F3000013B0393039B4BB92022236384F83D203C
:106F400084F83E30236C13432364E3E721688B69A4
:106F50009A07ECD494F83C30012BDBD0012384F861
:106F60003C300B680025DB0758BF0B68524A5CBFFA
:106F700043F001030B600B6823F400630B602223D2
:106F800084F83D30402384F83E30BDF83C30256421
:106F90006385638DC4F824A09BB2E2622385666496
:106FA000A764C4F84C802565002B66D0A06B58B34D
:106FB000424A45638262424A1031C0E90B5252464E
:106FC000FFF71EF9824600284BD123233A4600934F
:106FD000314643462046CDF80490FFF7C5FC00B388
:106FE000A06BFFF769F9A36BC3F828A023681A68A0
:106FF00022F480621A60A4F82AA01A68A4F828A0D3
:1070000022F001021A600AE0202384F83D3084F85F
:107010003E00236C84F83C0043F08003236401208D
:1070200079E7228D2368012A0BBF1A685A6822F477
:10703000806242F480520CBF1A605A6000220492AF
:1070400059690491996984F83C20049104995A681B
:1070500042F480725A605A6842F400625A6000201A
:1070600059E7202384F83D3084F83E50236C84F89F
:107070003C5043F010032364D1E723233A460093A6
:10708000314643462046CDF80490FFF76DFC0028BA
:10709000C5D1236805905A6905929A690592059AA7
:1070A0001A6842F400721A60202384F83C0084F8C5
:1070B0003D30D4E79C0000200000FFFFBD710008B8
:1070C000837100087047704770477047704770477A
:1070D00090F83D2008B5036DD2B283B9C36C026845
:1070E000012B836C05D1DBB21361036D02330365A1
:1070F00008BDC3F307231361036D0133F7E7036D85
:10710000012B03D1836C0268DBB2F4E7036D022B21
:107110002FD1222A05D10268136843F480731360CB
:10712000EAE7438D9BB263B1212A0AD1436A026820
:1071300013F8011B11614362438D013B9BB24385F0
:10714000D6E7438D9BB2002BD2D1212AD0D1026841
:10715000516821F4E0615160116841F400711160DF
:107160002022036380F83D2080F83E30FAF754FA7D
:10717000BEE703685A69120644BF00221A61B7E7E6
:107180007047406A08B5436B0BB100229A62836B6B
:107190000BB100229A620268136823F480631360C3
:1071A00000232022438580F83D2080F83E30036C88
:1071B00043F010030364FFF7E3FF08BD70B5446AB2
:1071C000236894F83D1094F83E00E26A5D68C9B205
:1071D00025F440755D60656BC0B20DB10026AE62EE
:1071E000A56B0DB10026AE6201F02105212D05D061
:1071F00001F02205222D23D1202821D15A682929E6
:1072000022F400625A604FF0000363850DD1212300
:1072100023632823204684F83D30FFF755FF22687A
:10722000536843F44073536070BD2A29F7D1222379
:1072300023632823204684F83D30FFF746FFEEE71E
:1072400094F83E100029EFD0618D89B2012902BF68
:10725000196821F480611960596812F5803F21F4A2
:107260004071596006D0082A04D0B2F12A4F01D0EB
:10727000202A03D1196841F400711960596821F47A
:1072800080515960596821F4006159600023638579
:10729000236C1BB12046FFF773FFC5E7202184F85C
:1072A0003D1094F83E1084F83E30402904D1204629
:1072B0002363FAF7B7F9B7E7082A01D0202A05D1E6
:1072C000002320462363FFF7FEFEADE71223F8E715
:1072D00070470000002337B546F2A81101932C4BEC
:1072E000406A1B6890F83D20B3FBF1F323214B4328
:1072F00001930368D2B2019941BB016C41F02001B6
:107300000164446B0CB10021A162816B09B10025BD
:107310008D621D6825F480651D600025458504B1DA
:10732000656301B14D63196821F00101196090F89E
:107330003D10602911D1202380F83D30002380F8D2
:107340003E300364FFF7C4FF03B030BD019901393B
:10735000019119688905CED4D3E702F02802282AC2
:107360000ED1196841F001011960196841F480617A
:1073700019600023036380F83D20FFF701FFE3E776
:10738000202380F83D30002380F83E30F5E700BF31
:107390009C00002010B590F83D2090F83E30044647
:1073A000102BD9B2D2B2036801D0402913D1222ABE
:1073B00011D1196821F400611960596811F4006154
:1073C00006D1602A1EBF202284F83D2084F83E109A
:1073D0000022226307E002F028012829EDD10022D3
:1073E000226384F83D105A6812F400624FD05A6844
:1073F000606B22F400625A6090F82130012B374B09
:107400002BD04363FEF758FF50B12268606B1368BE
:1074100023F001031360202384F83D30436B984729
:10742000236C19071FBF2268536823F4E06353607D
:1074300094F83D30226CDBB252070DD5282B0BD1CE
:10744000274B2022E36200232046236384F83D205B
:1074500084F83E30FFF73BFE10BDA06B4363FEF7A0
:107460002BFF0028DCD023685A69510605D51A691C
:10747000636A1A70636A013363622268A06B1368DF
:1074800023F001031360202384F83D30C6E794F80D
:107490003D10602915D1202184F83D1022645A69DD
:1074A000520605D51A69636A1A70636A013363620A
:1074B00022682046136823F001031360FFF708FFDA
:1074C000AEE75A69500605D51A69636A1A70636A8D
:1074D000013363622046FFF753FEA1E7D57200082F
:1074E0000000FFFFF0B5044603688FB05A68C66A13
:1074F00090F83E0094F83D101028C5B2C9B202D0F1
:10750000402D40F0E5829F69586910F0010F07D1C6
:10751000B6F52A0F02D0B6F12A4F51D10FB0F0BD07
:1075200096054DD5E26AB2F52A0F0CD10122E2622E
:1075300094F83E20402A11D1226D52B9626C02F0BB
:10754000FE021A61EAE7E26AB2F12A4FF0D108229C
:10755000EDE7626C42F00102D2B2F2E72269B2F5C5
:10756000804F1AD194F83D20212A626C11D102F08B
:10757000FE021A61626B0AB1926A2AB9A26B002AF2
:10758000CCD0926A002AC9D05A6842F400625A608C
:10759000C4E742F00102D2B2EBE7226D32B9626C6D
:1075A000D21102F0060242F0F002CAE7226D012A6F
:1075B000B4D1626CD21102F0060242F0F102C0E7CF
:1075C000060703D5960501D5626CE4E7860740F10E
:1075D000F080960540F1ED8094F83E10E26A256B4C
:1075E00094F83D00C9B2222840F0DB80206D40B9FC
:1075F000402906D100905A6900929B690093009B34
:107600008CE7216D89B92069B0F5404F0DD101910A
:107610005A6901929A690192019A1A6842F4807239
:107620001A60236D0133236578E7618D89B251B902
:1076300002915A6902929A690292029A1A6842F475
:1076400000721A6019E0618D89B2012949D112F5E1
:10765000803F1BD11A6822F480621A605A6812F4C3
:1076600000620CD01A6822F480621A600022039231
:107670005A6903929B690393039B0023D3E7049207
:107680005A6904929A690492049AD7E7082A1CD08E
:10769000202A1AD0122D0DD1012A16D11A6822F4EF
:1076A00080621A60002205925A6905929B690593CF
:1076B000059BE2E7102AF1D8864941FA02F2D70782
:1076C000ECD41A6842F48062EBE71A6822F4806214
:1076D0001A60002206925A6906929A690692069AE0
:1076E000ACE7618D89B2022938D1102A03D87A49D2
:1076F000D140CE0718D4196841F400611960002107
:10770000079159690791996907910799196821F4B7
:107710008061196059680D05AFD5202A1BD8072A4A
:107720000ED8012AA9D111E0196841F480611960CD
:107730000021089159690891996908910899E9E728
:10774000A2F10801654ACA40D00796D55A6842F4AA
:1077500080525A6091E712F5803FE3E7196841F4DF
:10776000806119605968090510D5202A16D8072AA2
:1077700006D8012A0AD15A6842F480525A6005E0BC
:10778000A2F10801554ACA40D207F4D40022099256
:107790005A6909929B690993099B6EE712F5803F2C
:1077A000E8E700220A925A690A929B690A930A9BA7
:1077B000B4E67F0740F194805E6836053FF5AEAED3
:1077C000070600F004063ED550053CD5002E3DD1FD
:1077D00094F83D20258D94F83E10D2B2E06AC9B2EB
:1077E000C5B9212A18D1082858D0202856D010F51C
:1077F000803F53D05A6822F4E0625A601123236319
:10780000002384F83E302023204684F83D30FFF7E3
:1078100059FC83E6212A05D040297FF47FAE222A35
:107820007FF47CAE628D92B21AB95A6822F48062FB
:10783000ADE694F83E20402A16D120460FB0BDE8B0
:10784000F040FFF745BC002E3FF468AE97057FF58A
:1078500065AE212939D1E16A94F83D20212A7FF4CF
:107860005DAE628D92B24AB1626A12F8011B196173
:107870006262638D013B9BB263854FE608290DD0A0
:1078800020290BD011F5803F08D0596821F4E06120
:1078900059601123236384F83E20B4E75A682046D8
:1078A00022F4E0625A601A6842F400721A600023FF
:1078B0002022236384F83D2094F83E2084F83E3053
:1078C000402AA4D1F9F7A8FE28E6402D7FF426AE81
:1078D000B3E700BFEBFFFEFF140001000101000150
:1078E00059680E053FF51AAE450600F0040140F157
:1078F0008680500540F18380002940F0838094F811
:107900003D20222A7FF40AAEE06A628D92B2032AF9
:1079100014D91A69636A1A70636A01336362638DEA
:10792000013B9BB26385638D9BB2032B7FF4F6AD65
:107930002268536823F480635360EFE5E56A022D03
:107940003FF473AF012A3FF670AF0B9146F2A811D6
:10795000794A1268B2FBF1F202EB82020B920B9AA7
:10796000013A0B920B99D1B9226C204642F02002C9
:1079700022645A6822F4E0625A601A69636A1A70D3
:10798000636A01336362638D013B9BB2638520238D
:1079900084F83D3084F83E10FFF7F2FBBEE51A682C
:1079A00012F40072DBD1196821F480611960596802
:1079B00021F4E06159601969636A1970636A0133DF
:1079C0006362638D013B9BB26385202384F83D3065
:1079D00094F83E3084F83E20402B04D122632046A8
:1079E000F9F720FE9AE5082801D0202801D10023CC
:1079F00000E0122320462363FFF765FB8EE5002994
:107A00003FF48CAD92057FF589ADE26A608D616AC5
:107A100080B2042809D15A6822F480625A601B6936
:107A20000B70636A0133636223E7608D80B20328C1
:107A30000CD15868042A20F480605860EFD0022AE4
:107A4000EDD01A6822F480621A60E8E7608D80B297
:107A50000228E4D1042A33D007D8012A07D0022A09
:107A60002ED0186840F4007004E0102AF9D118688C
:107A700020F4806018601B690B70616A4B1C6362A4
:107A8000638D013B9BB2638523681B694B70636AFE
:107A9000216801336362638D013B9BB263854B6850
:107AA00023F440734B60202384F83D3094F83E303B
:107AB000402B4FF0000384F83E3005D123638EE75E
:107AC000186840F48060D5E7082A90D0202A8DE716
:107AD000206C20B30025586987072FD596052DD532
:107AE000226C02B19D6994F83D2002F02802282AF8
:107AF00018D15A682F0622F480625A604FF00003B2
:107B000054BFE268A269C5F3800181F001012046FB
:107B1000C9B284F83C3092B2FFF7D8FAFEE49D690E
:107B20005869D9E700220C9259690C919B6984F835
:107B30003C200C930C9BF1E49C000020C60640F115
:107B4000B180950540F1AE8094F83D505A68EDB291
:107B500022F4E0625A6000220D925A690D921A686E
:107B600042F001021A600D9A1A6822F480621A60CB
:107B70005A68100520D505F0F702222A4AD1A06BD9
:107B80000268526892B26285628D92B21AB1226C1A
:107B900042F0040222645A6822F400625A60FEF73E
:107BA00065FC012808D0A06B794B4363FEF784FB8A
:107BB00010B1A06B436B9847638D9BB213B32368DE
:107BC0005A69510709D51A69636A1A70636A0133E1
:107BD0006362638D013B9BB2638523685A695206D9
:107BE00009D51A69636A1A70636A01336362638D27
:107BF000013B9BB26385638D9BB21BB1236C43F049
:107C000004032364236C13B320460FB0BDE8F04097
:107C1000FFF7C0BB606B0268526892B26285628DEA
:107C200092B21AB1226C42F0040222645A6822F421
:107C300000625A60FEF71AFC0128BDD0606B544BFD
:107C40004363FEF739FB0028B6D0606BB2E72A2DFC
:107C500006D123632823204684F83D30FFF735FA08
:107C600094F83D30282B0CD14A4B2022E3620023AC
:107C70002046236384F83D2084F83E30FFF727FA3E
:107C80004CE4236B222B02D0222D7FF447AC00233F
:107C90002022236384F83D2084F83E302046FFF7FD
:107CA00014FA3BE401F0F701212900F0040535D175
:107CB000070627D5560525D53DBB94F83D00628DB6
:107CC000C0B292B2002A3FF429AC626A12F8015B9A
:107CD0001D616262628D013A92B26285628D92B2DA
:107CE000002A7FF41BAC29287FF418AC5A68204680
:107CF00022F480625A602823216384F83D30FFF724
:107D0000E3F90BE4002D3FF409AC95057FF506ACD3
:107D1000628D92B2002A3FF401ACA5E5400627D55A
:107D2000510525D53DBB94F83D20618DD2B289B275
:107D300000293FF4F3AB1969636A1970636A013370
:107D40006362638D013B9BB26385638D9BB2002BA5
:107D50007FF4E4AB2A2A7FF4E1AB2268536823F472
:107D60008063536022232363282384F83D3095E702
:107D7000002D3FF4D3AB92057FF5D0AB628D92B26C
:107D8000002A3FF4CBAB1A69636A1A7049E600BF58
:107D9000D57200080000FFFFF8B5036804465F696C
:107DA0005E6890F83E2017F48075D2B20AD016F4BF
:107DB000807507D06FF4807101255961196841F40D
:107DC00000411960B80506D5F10542BF6FF4007196
:107DD00045F002055961780536D5F10534D5608D39
:107DE00094F83D10202AD4F830C080B2C9B25FD1D7
:107DF00000285DD101F0F700212804D0282957D1AF
:107E0000BCF1210F54D194F83D20E16AD2B2082987
:107E100001D020292AD1282A28D12E4A2046E262E0
:107E20005A6822F4E0625A606FF480625A611A68FC
:107E300022F480621A6000232022236384F83D200C
:107E400084F83E30FFF743F93A053FD5F3053DD5B9
:107E50006FF40062236845F008055A61236C2046E0
:107E60001D432564BDE8F840FFF794BA212A1BD1D1
:107E70001849E16222630021202284F83D2084F821
:107E80003E105A6822F4E0625A606FF480625A61D0
:107E90001A6822F480621A605A69100648BF196194
:107EA0002046FFF711F9CFE76FF480625A61CBE704
:107EB0006FF48061102A596145F0040501D0402A11
:107EC000C2D11A6842F400721A60BDE7002DC5D114
:107ED000F8BD00BF0000FFFF90F83D007047006C48
:107EE0007047F8B50446E0B190F8913203F0FF0214
:107EF0001BB980F8902203F037FB032384F89132FA
:107F000000232546637155F8040B01F0EFFF95E857
:107F10000E00206801F0DAFF014628B1022384F840
:107F2000913201252846F8BD206801F0E9FF0028BC
:107F3000F4D102460127267904F11003C1B28E4222
:107F400003F1280318D800210A4604F5A873C8B223
:107F5000864203F128031BD895E80E00206801F043
:107F6000D1FF05460028D9D101236073206884F829
:107F7000913202F07DFAD5E743E9062203F8277C27
:107F800003F8281C03F8252C43F8102C0130D5E702
:107F900043E9062203F8272C03F8280C03F8252CC4
:107FA00043F8102C0131D2E738B590F890320446EE
:107FB000012B10D0012580F89052006801F08DFF50
:107FC0002946204603F0DFFB206802F04FFA00202C
:107FD00084F8900238BD0220FCE710B590F890229A
:107FE0000446012A0AD00122417380F890220068D9
:107FF00002F036FA002084F8900210BD0220FCE75F
:108000002DE9F04F044687B0006802F033FA10F40F
:10801000004500F025844FF02809C54E2068B0F8CF
:108020004430190402D407B0BDE8F08FB0F84470B2
:10803000B9B217F00F0740F0BF8011F0100126D140
:1080400003889BB2334043F400430380B0F85030C0
:10805000227C9BB203EBC20300EB4303B3F804346E
:10806000626AC3F309031A44E3622046626203F0C2
:10807000B2FA637B002BD1D0A26A002ACED1637BF7
:10808000216843F08003A1F84C306273C6E705888D
:10809000ABB215F4006521D0B0F8503094F85021FF
:1080A0009BB203EBC20300EB4303B3F80C34B4F808
:1080B0005621C3F30903C4F86C3104F5267102F0AC
:1080C00020FC22682046138823F070031B051B0D3B
:1080D00043F08003138003F06FFA9FE71B049DD5E4
:1080E000038823F070031B051B0D43F080030380FE
:1080F000B0F8503094F850219BB203EBC20300EB70
:108100004303B3F80C34C3F30903C4F86C318BB1E7
:10811000D4F8641171B1B4F8562102F0F2FBD4F82E
:108120006431D4F86C21294613442046C4F86431E4
:1081300003F048FA21680A88170593B23FF56EAF3D
:1081400003F44053B3F5405F3FF468AFB1F85020FB
:1081500001F20C4092B2835AD4F86051C3F3090380
:108160003E2D83521DD9835A6F09ED0608BF07F1D2
:10817000FF379BB243EA87236FEA43436FEA5343D7
:108180009BB283520B8823F4804323F070031B04BB
:108190001B0C83F4405343F4004343F080030B80F3
:1081A0003CE7835A002DE7D005F001079BB207EBAF
:1081B000550543EA8523E3E730F8273019041FFA11
:1081C00083F840F1F38030F8273009FB074223F0B1
:1081D00070031B051B0D43F0800320F8273092F835
:1081E0005C5192F85031D2F8641100F5806E95B967
:1081F000B0F85050ADB2063505EBC3033EF813504E
:10820000C5F30905002D00F0B6802B46B2F85621C3
:1082100002F077FBAFE092F85351022D40F08A80D4
:1082200018F480450195B0F850504FEAC30BADB239
:10823000D2F868C108F0400A5D443CD002353EF8EF
:108240001550C5F30905654514D94FF0000CC2F867
:1082500068C130F8232022F4804222F07002120418
:10826000120C82F4005242F4004242F0800220F8E4
:10827000232006E0ACEB050CC2F868C1BCF1000F8E
:10828000E7D0BAF1000F0DD030F8232022F4E042FD
:1082900022F070021204120C42F4004242F0C002BA
:1082A00020F82320002D66D0282202FB07422B460F
:1082B000B2F85821ACE706353EF81550C5F309056C
:1082C000654514D9DDF804C0C2F868C130F8232030
:1082D00022F4804222F070021204120C82F4005246
:1082E00042F4004242F0800220F8232006E0ACEB8A
:1082F000050CC2F868C1BCF1000FE7D0BAF1000F5D
:108300000DD130F8232022F4E04222F07002120452
:10831000120C42F4004242F0C00220F8232055B370
:10832000282202FB07422B46B2F85A2170E700BF11
:108330000F8FFFFF30F8235025F4E04525F070053E
:108340002D042D0C45F4004545F0C00520F82350C0
:1083500092F8505130F82530ED0013F4804FB0F80A
:1083600050309BB22B4452D002333EF81350C5F329
:108370000905002D9BD109FB07F16318D3F86C2187
:108380002A44C3F86C21D3F864212A44C3F8642139
:10839000D3F868211AB1D3F860319D423FD209FB6E
:1083A0000743204693F8501103F00CF918F0800FA2
:1083B0003FF434AE206809FB07FC30F827309BB24D
:1083C000334043F4004320F8273004EB0C03DA7CFD
:1083D000012A54D1002107FB0992A1501A7F82B3D0
:1083E00018F040085A7C34D002BBB0F850201B7CF7
:1083F00092B21B0100F2044010441A5AC2F309025F
:108400001A521A5A92B242F400421A5219E0063332
:108410003EF81350C5F30905002DACD083E701F5F4
:10842000A8712068214402F03BF8BFE7012A08D177
:10843000B0F850201B7C92B200F204401B011044A3
:108440001952282303FB0743197C204603F0C3F885
:10845000E4E53AB9B0F850201B7C92B21B0100F25F
:108460000C40C9E7012AECD1B0F850201B7C92B235
:1084700000F20C401B01104423F80080E1E7197C56
:10848000B0F850504FEAC10AADB218F4807B9A6A36
:1084900000F5806E554417D102353EF81550C5F3EE
:1084A0000905954202D3C3F828B0CEE7521B9A6261
:1084B0005A6A0CF110012A445A62DA6A21442A44A9
:1084C000DA6201F0EDFFA9E518F0400C08F48048ED
:1084D00000F0E48002353EF815501FFA88F8C5F325
:1084E000090595422CBF0022521B9A62002A55D1E1
:1084F000282303FB07435B7C002B3DD1B0F85020C1
:1085000000F2044592B20B011544EA5AC2F3090283
:10851000EA52EA5A6FEA42426FEA524292B2EA5291
:10852000B0F8502000F20C4092B21044C25AC2F38C
:108530000902C252C25A6FEA42426FEA524292B2F2
:10854000C252204603F047F8B8F1000F00F0E48073
:10855000282303FB07432268197C32F8213023F4D7
:10856000E04323F070031B041B0C43F4404343F02F
:10857000800322F82130CFE0012BE2D1B0F850C0C7
:1085800000F204451FFA8CFC65440B01EA52B0F876
:10859000505000F20C40ADB22844D1E7B8F1000FC2
:1085A0000DD030F8212022F4E04222F070021204B3
:1085B000120C42F4404242F0800220F821204FF099
:1085C000280E0EFB074E9EF83420012A40F0A480AE
:1085D000DEF8242002EB050CCEF824C0DA6A2A4427
:1085E000DA62DEF83030DEF82020934231D39B1A75
:1085F000CEF83030282303FB07435D7C93B2002D77
:1086000041D1B0F850E000F204451FFA8EFE7544E7
:10861000090135F801E03E2ACEF3090E25F801E004
:1086200023D94FEA521ED2066A5A08BF0EF1FF3E06
:1086300092B242EA8E226FEA42426FEA524292B20C
:108640006A52282202FB0742128B614601F018FF92
:1086500062E01BB92A468EF83430CBE700228EF850
:108660003420CEF830201A46C4E70AB96A5AE2E745
:1086700035F801E002F001081FFA8EFE08EB520205
:108680004EEA8222DBE7012DDBD1B0F8505000F238
:108690000442ADB22A4409015352D2E706353EF8EE
:1086A00015501FFA88F8C5F3090595428CBF62463C
:1086B000521B9A62002A57D1282303FB07435B7C95
:1086C000002B3FD1B0F8502000F2044592B20B01CC
:1086D0001544EA5AC2F30902EA52EA5A6FEA4242E0
:1086E0006FEA524292B2EA52B0F8502000F20C40C7
:1086F00092B21044C25AC2F30902C252C25A6FEA7D
:1087000042426FEA524292B2C252204602F063FFE6
:10871000B8F1000F3FF41CAF282303FB0747226882
:10872000397C32F8213023F4E04323F040031B046A
:108730001B0C83F0300343F4004343F0800322F822
:1087400021306BE4012BE0D1B0F850C000F20445B9
:108750001FFA8CFC65440B01EA52B0F8505000F24D
:108760000C40ADB22844CFE7B8F1000F0DD130F87E
:10877000212022F4E04222F070021204120C42F492
:10878000404242F0800220F821204FF0280E0EFBDC
:10879000074E9EF83420012ABED1DEF8242002EBD9
:1087A000050CCEF824C0DA6A2A44DA62DEF83030EA
:1087B000DEF8202093422ED39B1ACEF830302823A7
:1087C00003FB07435D7C93B2002D3ED1B0F850E02F
:1087D00000F20C451FFA8EFE7544090135F801E0E0
:1087E0003E2ACEF3090E25F801E020D94FEA521EA9
:1087F000D2066A5A08BF0EF1FF3E92B242EA8E22BA
:108800006FEA42426FEA524292B26A52282202FB57
:108810000742528B19E71BB92A468EF83430CEE74F
:108820000022CEF830208EF834201A46C7E70AB965
:108830006A5AE5E735F801E002F001081FFA8EFEFA
:1088400008EB52024EEA8222DEE7012DDED1B0F8BB
:10885000502000F20C4592B215440A01AB52D5E704
:10886000420512D522682046B2F8443023F48063D2
:108870001B041B0CA2F8443002F0B9FE2946204626
:1088800007B0BDE8F04FFFF7A8BB43040AD5226844
:10889000B2F8443023F480431B041B0CA2F844308C
:1088A000FFF7C1BB870405D52268B2F8443023F432
:1088B0000053F1E7C60419D522682046B2F84030CB
:1088C00023F004031B041B0CA2F84030B2F8403024
:1088D00023F008031B041B0CA2F8403002F0AAFE90
:1088E0002268B2F8443023F48053D5E7050548D513
:1088F000236802AD184629461A4603F1200632F8CD
:10890000047B964221F8027BF9D1B3F8402092B261
:1089100042F00102A3F84020B3F8402022F0010207
:108920001204120CA3F84020B3F844205105FBD5E3
:10893000B3F8442022F480621204120CA3F84420FD
:1089400035F8022B20F8042B8642F9D1B3F84020E9
:10895000204692B242F00802A3F84020B3F8442027
:1089600022F400621204120CA3F84420B3F8402051
:1089700092B242F00402A3F8402002F04BFEFFF74F
:1089800052BB82050DD522682046B2F8443023F44C
:1089900000731B041B0CA2F8443002F024FEFFF706
:1089A00042BBC3057FF53FAB2268B2F8443023F4E5
:1089B000807371E770B52824054601F00700444331
:1089C00011F0800F14BF04F1100104F5A87105EB3C
:1089D000040615BF01240024747486F8514114BFA5
:1089E00049194919022BCB7008BF0023087008BF32
:1089F0000B710A6195F89032012B09D00123286888
:108A000085F8903201F090FA002085F8900270BD50
:108A10000220FCE7282301F00702534311F0800FE6
:108A200010B5044618BF03F1100118440BBF03F53D
:108A3000A8710123002309190ABF0919437480F89A
:108A400051310A7094F89032012B09D0012320682B
:108A500084F8903201F0C8FB002084F8900210BD29
:108A60000220FCE770B52824002601F007014C43E2
:108A7000051985F8501185F8516104F5A871014474
:108A8000C5E95923C5F86C61006801F009FD30465D
:108A900070BD282301F0070103FB0100D0F86C0131
:108AA000704770B5282501F007014D434419C4E90A
:108AB000092301220026217484F83420627405F110
:108AC000100101442363E662006801F0E9FC3046CE
:108AD00070BD38B5037901F00705AB4204462AD3CF
:108AE00011F0800F4FF028031CD001226B4303F1DB
:108AF0001001034401445A7401230D708B7094F8E3
:108B000090229A4219D0206884F8903201F03FFCFC
:108B100025B9206804F5267101F0B0FC002084F826
:108B2000900238BD00224B4303F5A8710344014471
:108B300083F85121E0E70120F3E70220F1E738B59F
:108B4000027901F00F039A42044626D3282301F04C
:108B50000702534311F0800F14BF03F1100103F516
:108B6000A87118444FF0000515BF0123002309190F
:108B7000091914BF437480F851318D700A7094F84C
:108B80009032012B0BD00123206884F8903201F041
:108B90001EFC284684F8905238BD0120FCE70220D4
:108BA000FAE710B5282411F0800F1BBF01F0070170
:108BB00004FB010004FB0100103008BF00F5A870A1
:108BC00099B21AB90273C180002010BD01228360DE
:108BD0000273F9E72DE9F341054638B30368DB0773
:108BE00010D42B689F075ED42B68190700F195807D
:108BF0002B685A0700F1C180EB69002B40F02C81F3
:108C0000002029E0904C636803F00C03042B07D08C
:108C1000636803F00C03082B0AD16368DE0307D5F1
:108C200023689C03DDD56B68002BDAD1012013E0AB
:108C30006B68B3F5803F12D1236843F4803323601F
:108C4000FCF75CFF064623689803CAD4FCF756FF7E
:108C5000801B6428F7D9032002B0BDE8F0819BB9DE
:108C6000236823F480332360236823F48023236064
:108C7000FCF744FF064623689903B2D5FCF73EFF94
:108C8000801B6428F7D9E6E7B3F5A02F236803D14A
:108C900043F480232360CFE723F4803323602368E9
:108CA00023F48023CBE7684C636813F00C0F07D0E4
:108CB000636803F00C03082B10D16368DA030DD44A
:108CC00023689B0702D52B69012BAFD123686A6902
:108CD00023F0F80343EAC203236085E72A695B4B6C
:108CE0006AB101221A60FCF709FF064623689F0754
:108CF000ECD4FCF703FF801B0228F7D9ABE71A601E
:108D0000FCF7FCFE0646236898077FF56DAFFCF77D
:108D1000F5FE801B0228F6D99DE7AA694A4E4B4B07
:108D2000E2B10122C3F88024FCF7E8FE0446736A2E
:108D30009B070DD54FF4FA52454B1B68B3FBF2F37A
:108D4000019300BF019B5A1E0192002BF9D14FE7FE
:108D5000FCF7D4FE001B0228E9D97CE7C3F8802485
:108D6000FCF7CCFE0446736A9F077FF541AFFCF722
:108D7000C5FE001B0228F6D96DE7334CE369D80025
:108D800024D40127E36943F08053E361E36903F0EE
:108D900080530093009B2F4E3368D90518D5EB689C
:108DA000012B26D1236A43F001032362FCF7A6FEC0
:108DB00041F288380646236A9B073FD5002F3FF4CF
:108DC0001BAFE36923F08053E36115E70027E2E777
:108DD000336843F480733360FCF790FE8046336859
:108DE000DA05DCD4FCF78AFEA0EB08006428F6D98B
:108DF00031E7ABB9236A41F2883823F001032362DB
:108E0000236A23F004032362FCF778FE0646236AF4
:108E10009807D3D5FCF772FE801B4045F7D91AE7B7
:108E2000052B236A03D143F004032362BAE723F03E
:108E300001032362236A23F00403B6E7FCF75EFE16
:108E4000801B4045B7D906E70010024000004242AF
:108E50009C000020007000402A4C626802F00C0266
:108E6000082A3ED00022022B274B1A662CD1FCF791
:108E700045FE06462368990120D42B6AB3F5803F4E
:108E800005D16268A96822F400320A436260696A07
:108E900062680B4322F474121343012263601A4B7D
:108EA0001A66FCF72BFE054623689A013FF5A8AE2B
:108EB000FCF724FE401B0228F6D9CCE6FCF71EFE88
:108EC000801B0228D6D9C6E6FCF718FE05462368A3
:108ED0009B017FF595AEFCF711FE401B0228F6D9E9
:108EE000B9E6012B3FF4A2AE60682B6A00F4803231
:108EF0009A427FF49BAE6B6A00F47010C01A18BFE0
:108F00000120A9E600100240000042420D4A5368C9
:108F100003F00C01082912D10B48C3F38341DB0392
:108F2000405C09D55368094AC3F340435043084A9B
:108F3000D35CB0FBF3F07047064B584370470348CF
:108F4000704700BF001002407EE6000800127A0061
:108F50007CE6000800093D002DE9F0410D4604467D
:108F600010B90120BDE8F081444A136803F00703FB
:108F70008B4228D321688E0730D4CA0743D43F4A96
:108F8000136803F00703AB4265D822683C4D12F02A
:108F9000040F6CD1130706D56B68226923F4605364
:108FA00043EAC2036B60FFF7B1FF6B68354AC3F356
:108FB0000313D35CD840344B1860344B1868FCF76B
:108FC0005BFD0020CEE7136823F007030B4313601B
:108FD000136803F007038B42C3D1CBE7284B11F092
:108FE000040F1EBF5A6842F4E0625A60080742BF8D
:108FF0005A6842F460525A605A68A06822F0F0023F
:1090000002435A60B9E762681D4E012A33681AD1DB
:1090100013F4003FA5D0736841F2883823F00303AE
:1090200013437360FCF76AFD07467368626803F0D8
:109030000C03B3EB820FA2D0FCF760FDC01B4045D0
:10904000F3D903208EE7022A02D113F0007FE1E773
:1090500013F0020FDEE7136823F007032B431360BE
:10906000136803F00703AB427FF47BAF8DE76B68B7
:10907000E16823F4E0630B436B608BE70020024060
:1090800000100240F9E200089C000020A40000202B
:10909000044B054A5B68C3F30223D35C034A1068A0
:1090A000D840704700100240F1E200089C00002008
:1090B000044B054A5B68C3F3C223D35C034A1068C0
:1090C000D840704700100240F1E200089C000020E8
:1090D00003682DE9F3410546D80720D5364CE369EE
:1090E000D9002AD40126E36943F08053E361E369A0
:1090F00003F080530193019B304F3B68DA051ED586
:10910000236A13F440732ED1236A6A6823F44073F0
:10911000134323621EB1E36923F08053E3612A689D
:10912000910706D52449A8684B6823F440430343BC
:109130004B60D30637D4002012E00026DCE73B6802
:1091400043F480733B60FCF7D9FC80463B68DB0549
:10915000D6D4FCF7D3FCA0EB08006428F6D9032092
:1091600002B0BDE8F0816A6802F440729A42CBD046
:109170000120134A236AC2F84004002023F44071FE
:10918000DF07C2F840042162BED5FCF7B7FC41F20C
:1091900088380746236A9807B6D4FCF7AFFCC01B93
:1091A0004045F7D9DBE7044AE968536823F48003B4
:1091B0000B435360BFE700BF001002400070004047
:1091C00000004242036A026A70B522F001020262A4
:1091D000446882690D6822F073022A438D6823F087
:1091E00002032B430A4DA8420BD1CD6823F008039C
:1091F0002B4324F44074D1E90556354323F004038E
:109200002C43446082614A684263036270BD00BFC0
:10921000002C0140036A026A70B522F48072026277
:109220004468C2690D6822F073022A438D6823F4F2
:10923000007343EA05230B4DA8420DD1CD6823F4FA
:10924000006343EA052324F44054D1E9055635432D
:1092500023F4806344EA05144460C2614A68C2632F
:10926000036270BD002C0140036A026A30B522F42B
:10927000805202624468C2690D6822F4E64242EA02
:1092800005228D6823F4005343EA0533064DA842B6
:1092900002BF4D6924F4804444EA85144460C261ED
:1092A0004A680264036230BD002C014090F83D30F2
:1092B000012B20D1022380F83D300368DA6842F0A8
:1092C0000102DA600D4A93420AD0B3F1804F07D011
:1092D000A2F59432934203D002F58062934204D106
:1092E0009A6802F00702062A03D01A6842F00102C7
:1092F0001A60002070470120704700BF002C014019
:1093000070477047704770477047036870B5DD68F5
:109310001E690446B1070DD5AA070BD56FF00202EE
:109320001A61012202779B699B0769D0FFF7EAFF68
:1093300000232377710710D56A070ED56FF004025A
:10934000236820461A61022222779B6913F4407F2A
:109350005CD0FFF7D7FF0023237733070FD528070B
:109360000DD56FF00802236820461A610422227787
:10937000DB69990750D0FFF7C5FF00232377F2067A
:1093800010D5EB060ED56FF01002236820461A6147
:1093900008222277DB6913F4407F43D0FFF7B2FF46
:1093A00000232377F00708D5E90706D56FF00102FF
:1093B000236820461A61F8F73BF9320608D52B06D8
:1093C00006D56FF08002236820461A6100F0F5FA96
:1093D000700608D5690606D56FF04002236820465E
:1093E0001A61FFF791FFB20622D5AB0620D56FF0C8
:1093F000200223682046BDE870401A6100F0DCBA04
:10940000FFF77FFF2046FFF77EFF91E7FFF779FF29
:109410002046FFF778FF9EE7FFF773FF2046FFF730
:1094200072FFAAE7FFF76DFF2046FFF76CFFB7E773
:1094300070BD0000174A036890420AD0B0F1804F17
:1094400007D0A2F59432904203D002F58062904298
:1094500007D14A6823F070031343CA6823F44073AA
:1094600013434A6923F08003134303608B68C3628C
:109470000B688362074B984204BF0B6903630123A7
:1094800043610369DB0742BF036923F00103036102
:10949000704700BF002C014010B5044630B390F86F
:1094A0003D3003F0FF021BB980F83C20FBF790FE33
:1094B0000223206884F83D30211DFFF7BBFF012304
:1094C000002084F8463084F83E3084F83F3084F839
:1094D000403084F8413084F8423084F8433084F8D6
:1094E000443084F8453084F83D3010BD0120FCE75D
:1094F00010B5044630B390F83D3003F0FF021BB9BD
:1095000080F83C20FFF7FCFE0223206884F83D3001
:10951000211DFFF78FFF0123002084F8463084F8D7
:109520003E3084F83F3084F8403084F8413084F88D
:10953000423084F8433084F8443084F8453084F86D
:109540003D3010BD0120FCE7036A026A70B522F0CD
:1095500010020262446882690D6822F4E64242EA1F
:1095600005228D6823F0200343EA05130B4DA84222
:109570000DD1CD6823F0800343EA051324F4406441
:10958000D1E90556354323F0400344EA850444609D
:1095900082614A688263036270BD00BF002C014093
:1095A00038B590F83C300446012B4FD00120082AF2
:1095B00084F83C003AD006D8BAB1042A26D0002359
:1095C00084F83C3038BD0C2AF9D12068FFF74CFEF6
:1095D000C3690A6943F40063C361C36923F4806308
:1095E000C361C36943EA02232EE02068FFF7EAFD66
:1095F00083690A6943F008038361836923F00403E4
:1096000083618369134383610020D8E72068FFF7F3
:109610009BFF83690A6943F400638361836923F4D0
:1096200080638361836943EA0223ECE72068FFF7E4
:10963000F1FDC3690A6943F00803C361C36923F0FC
:109640000403C361C3691343C361DDE70220B9E7C3
:1096500010B584680A4324F47F4442EA032222437B
:10966000826010BD38B590F83C300446012B4FF0B5
:10967000020000F08E80012284F83D00206884F80A
:109680003C20836823F47F4323F0770383600B68D7
:10969000602B4FD032D8402B64D016D8202B0DD061
:1096A0000AD833F0100109D0012384F83D3000239B
:1096B00084F83C30104638BD302BF5D1826822F05A
:1096C0007002134343F0070328E0502BECD14A68A3
:1096D000CD68016A036A21F00A0123F001030362E5
:1096E00083690A4323F0F00343EA051383610262AE
:1096F000836823F0700343F057030FE0B3F5805FF6
:109700000DD0B3F5005F0CD0702BCDD1CB68D1E973
:109710000121FFF79DFF836843F0770383600022F8
:10972000C2E7CB68D1E90121FFF792FF836843F4D8
:109730008043F3E7036A026A4D6822F01002C968A9
:109740000262826923F0A00322F4704243EA051307
:1097500042EA013282610362836823F0700343F0BE
:109760006703DBE74A68CD68016A036A21F00A01F2
:1097700023F00103036283690A4323F0F00343EA01
:10978000051383610262836823F0700343F047038B
:10979000C4E702468EE700684B68826810B522F085
:1097A00070020C681A4322F007022243502B826099
:1097B0002AD00ED8402B17D049D8202B12D005D84C
:1097C00023F01003181E18BF012010BDB3F13000A4
:1097D000F9E7602B28D0702B39D10B69D1E9022130
:1097E000FFF736FF0020F0E7052C30D0026A036A4D
:1097F000096923F001030362836923F0F00343EA5C
:10980000011383610262EDE78A680C69016A036AE9
:1098100021F00A0123F00103036283690A4323F064
:10982000F00343EA0413ECE7036A026A8C6822F04F
:10983000100209690262826923F0A00322F47042D7
:1098400042EA013243EA041382610362CAE701205B
:10985000BBE738B590F83C300446012B4FF00203CB
:109860001BD0012580F83D3080F83C50FFF793FF76
:1098700028B1002384F83D5084F83C3038BD23687B
:10988000DA6822F04002DA60DA6822F48042DA60B4
:1098900084F83D5084F83C00F0E71846EEE710B538
:1098A0000124036A01F01F018C4023EA04030362D0
:1098B000036A8A401A43026210BD000008B529B944
:1098C00090F83E30012B1DD001202EE0042907D155
:1098D00090F83F30012BF7D1022380F83F3014E09D
:1098E000082907D190F84030012BEDD1022380F8F0
:1098F00040300AE090F84130012BE5D1022380F896
:10990000413002E0022380F83E3000680122FFF778
:10991000C6FF0F4B984209D0B0F1804F0BD183683E
:1099200003F00703062B0DD1002008BD436C43F460
:1099300000434364F3E7074B9842F0D003F580639C
:109940009842ECD0036843F001030360ECE700BFEA
:10995000002C014000040040FFF7B0BF30B590F884
:109960003C300246012B4FF0020022D0136882F8EF
:109970003D005C680D6824F070042C4398685C60BE
:109980000C4CA3420AD0B3F1804F07D0A4F5943415
:10999000A34203D004F58064A34204D1496820F0B7
:1099A0008000014399600123002082F83D3082F855
:1099B0003C0030BD002C014070477047026802F146
:1099C0000C0353E8003F23F490730C3242E800315B
:1099D00002680029F2D102F1140353E8003F23F09A
:1099E000010302F1140C4CE800310029F3D1036BA0
:1099F000012B0BD102F10C0353E8003F23F01003BD
:109A000002F10C0C4CE800310029F3D1202380F83E
:109A1000423000230363704710B504460368C168F1
:109A20001A6922F440520A431A6182680069D968AF
:109A30000243606921F4B05121F00C0102430A4352
:109A4000DA605A69A16922F440720A435A610E4AE7
:109A5000934215D1FFF72CFB19234343626820681A
:109A60009200B3FBF2F36422B3FBF2F102FB113379
:109A70001B013233B3FBF2F303EB0113836010BD20
:109A8000FFF706FBE8E700BF0038014010B50446C9
:109A900048B390F8413003F0FF021BB980F8402032
:109AA000FBF742FC2423226884F84130D368204627
:109AB00023F40053D360FFF7AFFF236800201A6937
:109AC00022F490421A615A6922F02A025A61DA6835
:109AD00042F40052DA602023606484F8413084F854
:109AE0004230606310BD0120FCE790F84130202B2C
:109AF00010D189B182B1C284828400232122016203
:109B00000168436480F84120CA68184642F0800228
:109B1000CA6070470220704701207047704708B53F
:109B20000023406AC385C384F9F770FE08BD7047FF
:109B300090F8423007B5222B42D181680268B1F516
:109B4000805F836A3ED1016900293ED15268C2F329
:109B5000080223F8022B8362C38D013B9BB2C385AD
:109B6000002B2DD10268D16821F02001D160D1688D
:109B700021F48071D160516921F0010151612022ED
:109B800080F842204363026B012A026827D10363F5
:109B900002F10C0353E8003F23F0100302F10C0C18
:109BA0004CE800310029F3D11368DB0605D501919B
:109BB0001368019353680193019B818DFFF7B7FFF1
:109BC00003B000BD39B9016929B95268D2B21A701F
:109BD000836A0133BFE7526802F07F02F7E7F9F7C3
:109BE000FDFDEDE7036873B51A6804461607D968EA
:109BF0005D6908D1960668D58D0666D502B0BDE8C8
:109C00007040FFF795BF05F0010001F49075054322
:109C10005BD0D60705D5CD0542BF636C43F0010389
:109C20006364530704D518B1636C43F002036364A3
:109C3000960704D518B1636C43F0040363641507F9
:109C400007D501F0200303431EBF636C43F00803F4
:109C50006364636C002B32D0920604D58B0602D568
:109C60002046FFF765FF266820467369626C03F0A3
:109C7000400302F0080253EA020522D0FFF79EFEDD
:109C800073695E0618D5226802F1140353E8003F99
:109C900023F04003143242E800310029F3D1E06B95
:109CA00050B1744B4363FCF707FB40B1E06B436B6F
:109CB00002B0BDE8704018472046F9F7A7FD02B092
:109CC00070BDF9F7A3FD6564F9E7206B012840F04A
:109CD0009480D50640F19180C80640F18E80002224
:109CE00001921A6801925A680192019A5A695206C1
:109CF0004DD5E16B0A68526892B2002ADFD0A08D80
:109D00009042DCD9E2858A69202A36D003F10C0220
:109D100052E8002F22F4807203F10C0040E8002189
:109D20000029F3D103F1140252E8002F22F00102BE
:109D300003F1140040E800210029F3D103F11402DB
:109D400052E8002F22F0400203F1140040E8002105
:109D50000029F3D1202284F84220216303F10C0270
:109D600052E8002F22F0100203F10C0040E800211D
:109D70000029F3D1E06BFCF77FFA02236363E38DE4
:109D8000A18DC91A89B22046FFF7D1FE97E7E28D6F
:109D9000E18D92B289B2002991D0A18D891A89B240
:109DA00000298CD003F10C0252E8002F22F49072AB
:109DB00003F10C0545E800200028F3D103F114025B
:109DC00052E8002F22F0010203F1140545E80020BB
:109DD0000028F3D1202284F84220206303F10C02F2
:109DE00052E8002F22F0100203F10C0545E8002094
:109DF0000028F3D102236363C5E7160628D50D06B4
:109E000026D594F84120212A7FF459AFA168226A0F
:109E1000B1F5805F17D12169A9B932F8021BC1F3EE
:109E2000080159602262E28C013A92B2E284002A6F
:109E30007FF445AFDA6822F08002DA60DA6842F037
:109E40004002DA603BE7511C216212785A60EAE76F
:109E500050067FF534AF4A067FF531AFDA68204609
:109E600022F04002DA60202384F84130FFF756FEEA
:109E700025E700BF1F9B00080023C28543642223FF
:109E80008285026980F84230816203681AB1DA681B
:109E900042F48072DA605A69002042F001025A618D
:109EA000DA6842F02002DA60704770B590F84260DC
:109EB000202E07D141B13AB100240463FFF7DCFF43
:109EC000204670BD0220FCE70120FAE784B004A818
:109ED00000E90E00002004B0704703464FF43F42F3
:109EE0000020A3F84400A3F840207047B0F84030A9
:109EF00023F47C535B045B0CA0F8403000207047D7
:109F0000002070471FB5044604A800E90E00002099
:109F10000123A4F84030A4F84000A4F84400A4F8B9
:109F2000500004B010BD0000F0B50A78CD7830F8CC
:109F30002240034624F4EC4424F070042404240C4E
:109F4000032D03D8DFE805F041494745012048F2D9
:109F500080073C4323F8224033F822409F4EA4B2AE
:109F6000344014433C4323F822400C7B03EB021C97
:109F7000002C40F08C80CC884F78640864007FB35C
:109F8000B3F8501089B26144A1F8004433F82210AC
:109F90004C0609D533F8221089B2314041F4004112
:109FA00041F0C00123F8221033F822108C4C89B202
:109FB000012D01EA040101D081F0200141F40041AA
:109FC00041F0800123F822104DE0284644F400744B
:109FD000BDE744F4C0640020B9E744F48064FAE7C4
:109FE000B3F85050ADB26544A5F80844B3F85040FA
:109FF000A4B26444B4F80C54C5F30905A4F80C5495
:10A000000D693E2D30D9E906B4F80C144FEA551607
:10A0100008BF06F1FF3689B241EA86216FEA414165
:10A020006FEA514189B2A4F80C1433F822104F049E
:10A030000DD533F8221021F4E04121F0700109041C
:10A04000090C41F4404141F0800123F82210654C95
:10A05000B2B91A8892B2224082F4405242F40042CD
:10A0600042F080021A80F0BDB4F80C14002DD5D057
:10A0700005F0010689B206EB550541EA8521D1E7D5
:10A0800033F8221089B2214081F4005196E7022D65
:10A0900033F822405BD1A4B2344044F4014444F08C
:10A0A000800423F82240B3F850400E89A4B2760809
:10A0B00064447600A4F800644E89B3F850407608F2
:10A0C000A4B264447600A4F808644978002948D111
:10A0D00033F822104E040DD533F8221021F4E0415C
:10A0E00021F070010904090C41F4404141F0800164
:10A0F00023F8221033F822104D060DD533F8221024
:10A1000021F4E04121F070010904090C41F40041FF
:10A1100041F0C00123F8221048F2800433F82210E5
:10A1200021F4804121F070010904090C81F44051AF
:10A13000214323F8221033F8221021F4E04121F0CA
:10A1400040010904090C0C4323F822408BE724F456
:10A15000E24424F070042404240C274323F82270E2
:10A16000A1E733F822104C040DD533F8221021F466
:10A17000E04121F070010904090C41F4404141F033
:10A18000800123F8221033F8221049060DD533F848
:10A19000221021F4E04121F070010904090C41F47E
:10A1A000004141F0C00123F8221033F822100C4C7A
:10A1B00089B22140012D18BF81F0200141F40041F6
:10A1C00041F0800123F8221033F8221021F480415D
:10A1D00021F070010904090CF0E600BF8F8FFFFF2A
:10A1E000BF8FFFFF8FBFFFFF4A780B78097BD9BB7A
:10A1F0000AB330F8232051060DD530F8232022F47D
:10A20000E04222F070021204120C42F4004242F0CA
:10A21000C00220F8232030F8232022F4E04222F06C
:10A2200040021204120C42F4004242F0800220F874
:10A2300023200020704730F8232052040DD530F839
:10A24000232022F4E04222F070021204120C42F4A5
:10A25000404242F0800220F8232030F8232022F4EC
:10A26000804222F07002DCE7002A4AD130F8232035
:10A2700051040DD530F8232022F4E04222F0700280
:10A280001204120C42F4404242F0800220F82320D3
:10A2900030F8232052060DD530F8232022F4E04276
:10A2A00022F070021204120C42F4004242F0C0028A
:10A2B00020F8232048F2800130F8232022F4E042E5
:10A2C00022F070021204120C42F4004242F0C0026A
:10A2D00020F8232030F8232022F4804222F070025C
:10A2E0001204120C0A4320F8232030F8232022F411
:10A2F000E04222F040021204120C114320F8231015
:10A3000097E730F8232051040DD530F8232022F4AC
:10A31000E04222F070021204120C42F4404242F079
:10A32000800220F8232030F8232052060DD530F883
:10A33000232022F4E04222F070021204120C42F4B4
:10A34000004242F0C00220F8232048F2800130F899
:10A35000232022F4E04222F070021204120C42F494
:10A36000404242F0800220F8232030F8232022F4DB
:10A37000E04222F040021204120C0A4320F823208B
:10A3800030F8232022F4804222F07002B3E74B78A9
:10A390000A788BB130F8223023F4E04323F04003F5
:10A3A0001B041B0C83F0100343F4004343F08003B1
:10A3B00020F822300020704730F8223023F4804308
:10A3C00023F070031B041B0C83F48053ECE70B7B1E
:10A3D0003BBB4B780A7833B330F822305B060DD59F
:10A3E00030F8223023F4E04323F070031B041B0CED
:10A3F00043F4004343F0C00320F82230CB78012B14
:10A400000FD030F8223023F4E04323F040031B0444
:10A410001B0C83F0200343F4004343F0800320F837
:10A4200022300020704730F822305B040DD530F820
:10A43000223023F4E04323F070031B041B0C43F48D
:10A44000404343F0800320F8223030F8223023F4D8
:10A45000804323F070031B041B0C83F44053DAE7A2
:10A4600011B98023A0F84C300020704700207047BD
:10A4700000207047B0F8440080B270470020704759
:10A4800000EB4200013300F580605B0800EB8303C2
:10A49000834200D1704731F8022B20F8042BF7E7F4
:10A4A0002DE9F0474B780446012B0D460A7B40F01E
:10A4B0001581D1F810908F6949694F4528BF4F46E3
:10A4C0000ABBBFB2EA883B46FFF7DAFFB4F8500098
:10A4D000297880B204F20442090102448F522A789A
:10A4E00034F8223023F4E04323F040031B041B0C18
:10A4F00083F03003002043F4004343F0800324F84A
:10A500002230BDE8F087EB7895F800E0022B2E6A48
:10A510004FEA0E1C40F0CD80B14530F82E2080F07F
:10A52000B18022F4E04222F070021204120C42F4D4
:10A53000014242F0800220F82E2030F82E80B0F840
:10A5400050E0F61B18F040082E6201EB070ABBB280
:10A550001FFA8EFE4DD000F20C42724422F80C30ED
:10A560006A89FFF78DFFB14536BFF31B00233E46D6
:10A570006A782B62C5F814A0B3B272BBB4F850204D
:10A58000287892B204F2044100011144425A3E2E4E
:10A59000C2F30902425215D9F206425A4FEA56173F
:10A5A00008BF07F1FF3792B242EA87226FEA4242C0
:10A5B0006FEA524292B242522A8951462046FFF730
:10A5C0005FFF8CE7425A002EF0D006F0010792B2EE
:10A5D00007EB560642EA8622ECE7012AECD1B4F8F2
:10A5E0005000297880B204F20442090102448B52DF
:10A5F000E2E700F20442724422F80C302A89FFF7A5
:10A600003FFFB14536BFF31B43463E466A782B6297
:10A61000C5F814A0B3B24ABBB4F85020287892B25F
:10A6200004F20C4100011144425A3E2EC2F30902C9
:10A63000425210D9425A7709F60608BF07F1FF3790
:10A6400092B242EA87226FEA42426FEA524292B2E3
:10A6500042526A89B1E7425A002EF4D006F001074F
:10A6600092B207EB560642EA8622F0E7012AF0D1C1
:10A67000B4F85000297880B204F20C420901024477
:10A680008B52E6E722F4E24222F070021204120C2E
:10A6900042F4004242F0800220F82E20B0F8503000
:10A6A00000F204429BB21A44B3B222F80C302A8959
:10A6B00085E730F82E20F61B2E62B0F85060520667
:10A6C000BBB2B6B206D500F20C42324422F80C30CE
:10A6D0006A8974E700F204423244E6E7002A3BD17B
:10A6E0008B690969B0F850008B4284BF5A1A0B4637
:10A6F0002978AA6180B204F20C4209010244885A06
:10A700003E2BC0F3090088521AD95809DB068B5A30
:10A7100008BF00F1FF309BB243EA80236FEA434356
:10A720006FEA53439BB28B522A7834F8223023F4D9
:10A73000804323F070031B041B0C83F44053D9E6C1
:10A740000BB98B5AEAE7885A03F0010680B206EB90
:10A75000530340EA8323E5E7CA78022A70D1002B2D
:10A7600038D1B0F850200B7892B200F204401B01AF
:10A770001044C25AC2F30902C2520A693E2A44D99D
:10A78000C15A5609D70608BF06F1FF3689B241EA19
:10A7900086216FEA41416FEA514189B2C152B4F852
:10A7A000500004F20C4180B20144C85A3E2AC0F362
:10A7B0000900C85234D95009D606CA5A08BF00F158
:10A7C000FF3092B242EA80226FEA42426FEA52427E
:10A7D00092B2CA52EB69002BA6D02A7834F8221024
:10A7E000480401F0400327D5002B9DD034F82230D7
:10A7F00023F4E04323F070031B041B0C43F40043D9
:10A8000043F0C00324F822308EE7C15A002AC0D09A
:10A8100002F0010689B206EB520641EA8621BCE746
:10A820000AB9CA5AD0E7C85A02F0010680B206EB4C
:10A83000520240EA8222CBE7002B7FF475AFD5E7C6
:10A84000012A5CD18A6909698A4294BF0020501AA2
:10A85000A86188BF0A46002B7FF466AFB4F8501099
:10A860002B7889B204F204401B010844C15A3E2AE5
:10A87000C1F30901C1522BD9D106C15A4FEA521670
:10A8800008BF06F1FF3689B241EA86216FEA4141ED
:10A890006FEA514189B2C152B4F8500004F20C4140
:10A8A00080B20144C85A3E2AC0F30900C8521AD9DE
:10A8B0005009D206CA5A08BF00F1FF3092B242EAEC
:10A8C00080226FEA42426FEA524292B2CA522BE7AA
:10A8D000C15A002ADAD002F0010689B206EB52060C
:10A8E00041EA8621D6E70AB9CA5AEAE7C85A02F00D
:10A8F000010680B206EB520240EA8222E5E701201F
:10A90000FFE500EB4200F0B500F580605D0807460A
:10A910000C462E46023436B9DB0744BF30F82530EA
:10A9200001F81530F0BD37F8042B013E92B204F85F
:10A93000022C120A04F8012CECE7D0F8BC3210B556
:10A940006BB1D0F8B84294F80002FF2807D09B689A
:10A95000214694F801229847FF2384F80032002012
:10A9600010BD00004323038000487047EC00002026
:10A9700043230380004870473001002043230380B5
:10A9800000487047A80000200A2303800048704751
:10A99000AC01002038B50446D0F8B85200F0EAFE09
:10A9A000D4F8B832C5F80C024BB1D4F8BC32D5F8A3
:10A9B0000402DB6805F503719847002038BD0220CA
:10A9C000FCE7F8B5D0F8B862CEB1142404FB01045A
:10A9D000E36983B12827D0F8C02207FB0122126A5D
:10A9E000B3FBF2F502FB15332BB91A46E36100F015
:10A9F000AFFE0020F8BD0023C6F81432F9E70220AC
:10AA0000F8E70023F7B50F788DF80530ADF806307C
:10AA100017F0600304460D46D0F8B86222D0202B10
:10AA20003AD1CA884B78BAB139060BD5D0F8BC12E6
:10AA300018468F683146B84731462046EA8800F00C
:10AA40004DFC06E0314686F8003286F8012200F01F
:10AA50005AFC002003B0F0BDD0F8BC028468184650
:10AA6000A047F6E74B780A2B0AD00B2B10D09BB9E6
:10AA700090F89C32032B0FD102220DF10601DEE784
:10AA800090F89C32032B07D101220DF10501D6E786
:10AA900090F89C32032BDCD02046294600F0F7FBCF
:10AAA0000220D7E738B504460025812100F01BFEBF
:10AAB00001212046E56200F016FE82212046C4F8FE
:10AAC0006C5100F010FED4F8B83225644BB1D4F8C4
:10AAD000BC325B689847D4F8B80200F053FEC4F863
:10AAE000B852002038BD70B5037C0446A3BB4FF4B8
:10AAF00000738121022200F0EAFD01214FF400736E
:10AB0000E16201250222204600F0E1FD0823032234
:10AB100082212046C4F86C5100F0D9FD4FF4077033
:10AB2000256400F02BFE0646C4F8B802F8B1D4F84C
:10AB3000BC321B6898470023C6F81432C6F8183296
:10AB4000237CD6F8042283B94FF4007329462046AB
:10AB500000F007FE002070BD40238121022200F09A
:10AB6000B6FD01214023E162CBE74023EEE7284612
:10AB7000F1E719B1C0F8BC120020704702207047FD
:10AB8000D0F8B8320020C3F80812C3F8102270477A
:10AB9000D0F8B8320020C3F804127047D0F8B822B9
:10ABA00010B582B1D2F81442012374B9C2F814323C
:10ABB000D2F8103281210363D2F808229BB200F050
:10ABC000C7FD204610BD0220FCE71846FAE7D0F882
:10ABD000B82208B562B1037CD2F8042233B94FF42D
:10ABE0000073012100F0BDFD002008BD4023F8E7FF
:10ABF0000220FAE708B580B1D0F8B43213B10023CF
:10AC0000C0F8B43209B1C0F8B0120123027080F864
:10AC10009C3200F013FD002008BD0220FCE719B1B2
:10AC2000C0F8B412002070470220704708B500F049
:10AC300045FD002008BD08B5D0F8B43233B11B681B
:10AC40009847003818BF0120400008BD0220FCE7EB
:10AC500008B5D0F8B4325B689847002008BD38B515
:10AC600000F52A750446284600F006FB012394F8F7
:10AC7000A812C4F89432B4F8AE32C4F8983201F095
:10AC80001F03012B08D0022B0BD07BB9294620468D
:10AC900000F0FAF8002038BD2946204600F03CFAC2
:10ACA000F8E72946204600F05BFAF3E7204601F07A
:10ACB000800100F021FDEDE770B50446164639BB72
:10ACC000D0F89422032A1CD1D0E958539D420BD9C5
:10ACD000ED1AAB4228BF2B463146C0F860519AB2FC
:10ACE00000F01EFB002070BDD0F8B4321B6923B108
:10ACF00090F89C22032A00D19847204600F018FBC8
:10AD0000F0E7052AEED1C4F8941200F0F5FCE9E76B
:10AD1000D0F8B4329B692BB190F89C22032A01D160
:10AD20009847DFE70220DEE7F8B5044613460F46F2
:10AD3000002949D1D0F89422022A3AD1D0E9085604
:10AD4000B54211D9AD1B19460562AAB200F0D3FA7B
:10AD50003B461A461946204600F003FD94F8A032FF
:10AD6000012B2DD00020F8BDC369B3FBF6F506FB1F
:10AD7000153565B99E420AD8D0F89822934206D27A
:10AD80002A4600F0B8FA2B46C4F89852E1E7D4F806
:10AD9000B432DB682BB194F89C22032A01D12046FF
:10ADA00098478021204600F0A7FC204600F0CBFA0F
:10ADB000D4E732F00403D1D1802100F09DFCCDE72F
:10ADC000002384F8A032CDE7D0F8B4325B692BB110
:10ADD00090F89C22032A01D19847C3E70220C2E7DA
:10ADE000002270B50446012540261146402300F09C
:10ADF0006EFC3346802100222046C4F85851C4F826
:10AE0000646100F064FC0021D4F8B832A561666288
:10AE100084F89C52C4F894126160C4F8A41223B15F
:10AE2000D4F8B43220465B689847002070BD0174A6
:10AE30000020704790F89C3280F89D32042380F8FF
:10AE40009C320020704790F89C32042B04BF90F88D
:10AE50009D3280F89C320020704708B590F89C2203
:10AE6000032A04D1D0F8B432DB6903B1984700203B
:10AE700008BD10B50446802100F03EFC2046BDE828
:10AE80001040002100F038BC37B50B78044603F0C1
:10AE90006003202B0D4606D0402B04D063B1204622
:10AEA000FFF7E7FF05E0D4F8B432294620469B6857
:10AEB0009847002003B030BD4B78092BEFD801A292
:10AEC00052F823F0C7B00008FDB000089FAE00089C
:10AED000EFB000089FAE0008EDAF0008EDAE00082F
:10AEE0009FAE000897B000082FB000080023ADF80F
:10AEF00006304B881A0A013A062AD0D801A151F827
:10AF000022F000BF21AF000845AF00085FAF000886
:10AF10009FAE00089FAE0008A3AF0008B9AF0008BD
:10AF2000D0F8B0321B68207C0DF106019847BDF8BF
:10AF30000620002A55D0EB88002B49D1204600F08E
:10AF4000F7F9B6E7027CD0F8B43232B99B6A0DF15A
:10AF50000600984702234370E9E7DB6AF7E7DBB2B4
:10AF6000052B9CD8DFE803F003090D111519D0F863
:10AF7000B0325B68002BD6D191E7D0F8B0329B6835
:10AF8000F8E7D0F8B032DB68F4E7D0F8B0321B69EC
:10AF9000F0E7D0F8B0325B69ECE7D0F8B0329B69EB
:10AFA000E8E7037C002B7FF47AAFD0F8B4320DF1E0
:10AFB00006005B6B9847BAE7037C002B7FF46FAF0A
:10AFC000D0F8B4320DF106001B6B98470723C2E797
:10AFD0009A4228BF1A4601462046ADF8062000F0E6
:10AFE0007DF9EB88002B7FF464AFA7E78B88002BFB
:10AFF0007FF455AFCB88002B7FF451AF4D887F2D68
:10B000003FF64DAF90F89C32032B3FF448AFEDB2C2
:10B01000294680F89E5200F092FB204600F088F905
:10B020001DB1022384F89C3243E70123FAE78978B3
:10B03000384D012929703FF632AF90F89C32022B2F
:10B0400008D0032B15D0FFF714FF20462978FFF70F
:10B05000FFFD2EE700293FF471AF0121032341607A
:10B0600080F89C322046FFF7E6FD02287FF466AFA9
:10B0700015E731B90223416080F89C32FFF7E8FD03
:10B080005CE7416801293FF459AFC9B2FFF7E0FD21
:10B0900029786160E6E7CA88012A7FF400AF90F85A
:10B0A0009C32022B0AD8002B3FF4F9AE0146002354
:10B0B00041F8083F204600F011F9FAE6032B7FF42F
:10B0C000EEAE011DF6E790F89C32013B022B3FF6F5
:10B0D000E6AECA88022A7FF4E2AED0F8A432014676
:10B0E000002B0CBF0123032341F80C3FE2E74B8800
:10B0F000012B7FF4DEAEC4F8A4321FE790F89C3237
:10B10000013B022B3FF6CBAE4B88012B7FF4D1AE37
:10B110000023F0E78C19002038B50B78044603F0C3
:10B1200060025B060D4601D5402A15D194F89C3289
:10B13000013B022B10D82B79012B0DD8D4F8B43257
:10B1400029469B6820469847EB881BB910B92046D2
:10B1500000F0EEF8002038BD2046FFF78AFEF9E740
:10B1600038B50A78044602F06002202A0B4606D061
:10B17000402A04D05AB12046FFF77BFE05E0D4F800
:10B18000B4221946204692689047002038BD5A786C
:10B190008D88012A097935D0032A21D0002AEAD1E5
:10B1A00090F89C32022B44D0032BE4D1142201F0FE
:10B1B0000F0315F0800F02FB03034BD09B69002B9C
:10B1C000D9D0142501F07F0303FB055580290544E0
:10B1D0004BD0204600F0A2FA00284BD0012345E0D6
:10B1E00090F89C22022A1BD0032AC4D15A882AB97B
:10B1F0004A0603D0DB880BB900F07EFA204600F047
:10B2000097F8C2E790F89C22022A09D0032AB2D10B
:10B210005B88002BB9D14D06F0D000F076FAEDE74F
:10B220004B06A8D000F068FA8021204600F064FAAE
:10B23000ABE74A069FD12B064FF000034FF0020206
:10B240004CBF00F1140100F5AA710B60204600F01C
:10B2500045F89AE7D3F85831002B8CD0142505FB1C
:10B26000010505F5AA750029B3D100232B60022240
:10B270002946EBE72860FAE70B7803704B784370B8
:10B280004B8843808B888380CB88C380704710B500
:10B290000446802100F030FA2046BDE8104000212D
:10B2A00000F02ABA70B50D461646044670B1F4F7A0
:10B2B00059FFC3B201335B0033802B70032300209E
:10B2C0006B700223013C14F8011F01B970BD5A1CB8
:10B2D000E954D2B20233DBB2A854F4E71346022297
:10B2E00010B5C0E90733C0F894220A46002100F0E7
:10B2F0002FFA002010BD08B513460A46002100F0C1
:10B3000027FA002008BD1346032210B5C0E95733C1
:10B31000C0F894220A46002100F023FA002010BD54
:10B3200008B513460A46002100F01BFA002008BDAC
:10B3300008B50423C0F8943200231A46194600F0D9
:10B3400007FA002008BD08B50523C0F89432002391
:10B350001A46194600F005FA002008BD08B500227B
:10B360000E490F48FFF746FC08B1F9F70FFB0D49EE
:10B370000B48FFF754FC08B1F9F708FB0A490848E5
:10B38000FFF7F7FB08B1F9F701FB0548FFF74EFCA3
:10B3900018B1BDE80840F9F7F9BA08BD0402002069
:10B3A0009019002074010020B8010020002070478F
:10B3B000202803D021280BD0002070470A680D4BAD
:10B3C0001A600A791A714A795A718A799A71F3E77F
:10B3D000084B1A680A701A68120A4A705A888A70EA
:10B3E000DA78CA701A790A715A794A719B798B7125
:10B3F000E2E700BFC8010020074B10B51B680446F8
:10B400000BB10968984721460448FFF7C1FB034880
:10B41000FFF7DDFB002010BD541C00209019002018
:10B4200008B5002204490548FFF7AAFB0449034870
:10B43000FFF7AEFB002008BD581C0020901900202B
:10B440005820002010B5094C0A46D4F8B832D3F879
:10B45000143243B901462046FFF792FB2046BDE86F
:10B460001040FFF79BBB012010BD00BF90190020CA
:10B47000014B1860704700BF541C00201223014884
:10B480000B807047F0010020042301480B807047B7
:10B49000EC010020002370B51E464D1C040FB0F1D6
:10B4A000204F34BF3034373401F8134005F81360AF
:10B4B0000133DCB2A2424FEA0010EFD870BD0000A9
:10B4C0001A2310B50B800A4BD3F8E807D3F8F027FE
:10B4D00080180AD0D3F8EC4706490822FFF7DAFFB4
:10B4E000042220461031FFF7D5FF034810BD00BFEE
:10B4F00000F0FF1FD2010020D001002008B50A464D
:10B5000002480349FFF7CEFE014808BD7DC600088A
:10B510005824002008B50A4602480349FFF7C2FE36
:10B52000014808BD90C600085824002008B50A4606
:10B5300002480349FFF7B6FE014808BDA6C6000849
:10B540005824002008B50A4602480349FFF7AAFE1E
:10B55000014808BDB1C600085824002018B10228CF
:10B560000CBF01200220704707B5124B02689A42B7
:10B570001DD103F5DA33DA69132042F40002DA61EF
:10B580000022DB69114603F400030193019BFAF7E3
:10B5900079FD1320FAF7A6FD002214201146FAF7D0
:10B5A00071FD142003B05DF804EBFAF79BBD03B006
:10B5B00000BD00BF005C004000F52671D0F8D40249
:10B5C000FFF74DBB282303FB0103D0F8D402D3F8C7
:10B5D0006421FFF771BB282303FB0103D0F8D402D9
:10B5E0005A6AFFF7A1BBD0F8D402FFF736BC10B5FA
:10B5F00083790446022B01D0F9F7C8F9D4F8D402B4
:10B600000121FFF714FCD4F8D402BDE81040FFF785
:10B61000E7BB000010B50446D0F8D402FFF70AFCDF
:10B62000A37A23B1024A136943F00603136110BDE4
:10B6300000ED00E0D0F8D402FFF705BC10B51D4BBB
:10B6400004461D480360082303710223837100230D
:10B65000C0F8D442C4F8C00243810373FCF741FC34
:10B6600008B1F9F793F9002218231146D4F8C00263
:10B67000FDF797FA582300228021D4F8C002FDF785
:10B6800090FAC02300228121D4F8C002FDF789FA84
:10B690004FF4887300220121D4F8C002FDF781FA2B
:10B6A0004FF4807300228221D4F8C002FDF779FAAA
:10B6B000002010BD005C00407828002008B5D0F8BC
:10B6C000C002FCF771FCBDE80840FFF747BF10B5AA
:10B6D0001446D0F8C0021A462346FDF76BF9BDE8C0
:10B6E0001040FFF73BBF08B5D0F8C002FDF792F954
:10B6F000BDE80840FFF732BF08B5D0F8C002FDF73B
:10B70000E8F9BDE80840FFF729BF08B5D0F8C00246
:10B71000FDF715FABDE80840FFF720BF282211F019
:10B72000800FD0F8C0321BBF01F07F0102FB013354
:10B7300002FB0133987C08BF93F85201704708B5AB
:10B74000D0F8C002FCF749FCBDE80840FFF706BF8F
:10B7500008B5D0F8C002FDF7A4F9BDE80840FFF72E
:10B76000FDBE08B5D0F8C002FDF77CF9BDE8084081
:10B77000FFF7F4BED0F8C002FDF78BB90048704760
:10B780005826002070477047931E222B10B50C4698
:10B7900004D900231C460B70204610BD0A2A09D18B
:10B7A000002807DA2D230B7001214042214400F0CC
:10B7B00005F8F1E70021F9E7FFF7E6BFF0B58BB038
:10B7C00005460B466E461D4C04F1200C374620689A
:10B7D0006168083403C764453E46F7D12179206883
:10B7E0003971911E222938604FF0000104D9197077
:10B7F0000B4618460BB0F0BD581E8446B5FBF2F759
:10B8000002FB175628366E4416F8286C0C460CF8C6
:10B81000016F2E46B2423D4601F10101EED90022F0
:10B820005A541919A51AAA42E3DA10F8015F0E78E2
:10B830000132067001F80159F4E700BFBFC60008E5
:10B840000CB430B5184B0C1E1D689DB008DA8B2364
:10B850004FF0FF302B601DB0BDE8304002B07047A4
:10B860004FF40273ADF814304FF000031B930CBF7C
:10B87000234604F1FF33049307934FF6FF730290BE
:10B880000690ADF81630284621AB209A02A9019304
:10B8900000F0E8F9431CBCBF8B232B60002CDAD0EE
:10B8A0000022029B1A70D6E72002002003460244C1
:10B8B000934200D1704703F8011BF9E710B56AB154
:10B8C0000139841810F8012B11F8013F9A4203D175
:10B8D000A04201D0002AF5D1D01A10BD1046FCE7D5
:10B8E000034610B5013932B111F8014F013A03F89E
:10B8F000014B002CF7D100211A44934200D110BD16
:10B9000003F8011BF9E70A7870B56AB970BD9A426D
:10B9100009D10C46054614F8013F002BF6D015F866
:10B92000016F9E42F7D001300378002BEFD118460B
:10B93000ECE70000014B1868704700BF20020020B0
:10B9400070B500260C4D0D4B5B1B9C10A64209D117
:10B95000002600F085FC0A4D0A4B5B1B9C10A6429A
:10B9600005D170BD55F8043B98470136EEE755F810
:10B97000043B98470136F2E798E6000898E600088D
:10B9800098E600089CE6000870477047034611F8E7
:10B99000012B03F8012B002AF9D170470A44914288
:10B9A00000F1FF3300D1704710B511F8014B9142FF
:10B9B00003F8014FF9D110BD38B50546002940D034
:10B9C00051F8043C0C1F002BB8BFE41800F0DEF85F
:10B9D0001C4A136833B9636014602846BDE83840D8
:10B9E00000F0DAB8A34208D9206821188B4201BFC1
:10B9F00019685B6809182160EDE71A465B680BB1AE
:10BA0000A342FAD911685018A0420BD12068014412
:10BA1000501883421160E0D118685B6808441060D8
:10BA20005360DAE702D90C232B60D6E7206821188F
:10BA30008B4201BF19685B6809182160636054601C
:10BA4000CBE738BD942C002070B50F4E0C46316802
:10BA5000054611B900F0B0FB30602146284600F0E1
:10BA6000ABFB431C03D14FF0FF34204670BDC41C18
:10BA700024F00304A042F8D0211A284600F09CFBD1
:10BA80000130F2D1EFE700BF902C00202DE9F84300
:10BA9000CD1C25F0030508350C2D38BF0C25002DD5
:10BAA000064601DBA94204D90C2333600020BDE81F
:10BAB000F883DFF8D48000F069F8D8F800301C462D
:10BAC00044BB29463046FFF7BFFF431C044658D10C
:10BAD000D8F800402746002F43D1002C4BD02368D4
:10BAE0003946304604EB030900F066FB814542D13C
:10BAF000216830466D1A2946FFF7A6FF01303AD07B
:10BB000023682B442360D8F800305A6862BBC8F819
:10BB100000700FE02268521B20D40B2A17D961193C
:10BB2000A342256018BF5960636808BFC8F80010B9
:10BB300062514B60304600F02FF804F10B00231DDA
:10BB400020F00700C21A1CBF1B1AA350AFE762689F
:10BB5000A3420CBFC8F800205A60EBE72346646894
:10BB6000AEE73C467F68B6E71A465B68A342FBD166
:10BB700000235360DEE70C233046336000F00CF8FE
:10BB800094E70560D6E700BF942C00200148FFF73A
:10BB9000FBBE00BF8C2C00200148FFF7F6BE00BFA3
:10BBA0008C2C00202DE9F0471F468E688246BE424D
:10BBB0000C469046334653D8B1F90C0010F4906F00
:10BBC0002BD065692368096905EB4505A3EB0109DD
:10BBD00005EBD5757B1C6D104B44AB422A4684BFE8
:10BBE0001D462A46430527D511465046FFF74EFF0E
:10BBF000064658B34A462169FFF7D0FEA38923F4CD
:10BC0000906343F08003A38126614E4426603B4647
:10BC10003E466561A5EB0905A5601F463A464146CB
:10BC2000206800F0AFFA0020A3689B1BA360236884
:10BC30003B442360BDE8F087504600F0DBFA06463F
:10BC40000028E1D150462169FFF7B6FE0C23CAF85F
:10BC50000030A3894FF0FF3043F04003A381E9E7B0
:10BC60003E46DBE72DE9F0471F468B8906461B065B
:10BC70000D4614469CB010D50B6973B94021FFF7EF
:10BC800005FF2860286130B90C2333604FF0FF3086
:10BC90001CB0BDE8F08740236B610023099320238B
:10BCA0008DF8293030234FF001080397644F8DF849
:10BCB0002A302346994613F8012B0AB1252AF9D1D7
:10BCC000B9EB040A0BD05346224629463046FFF70B
:10BCD00069FF013000F0A480099A5244099299F852
:10BCE0000030002B00F09C8000234FF0FF32CDE9A4
:10BCF000052309F10109049307938DF853301A9332
:10BD00004C46052214F8011B4D4800F065FA049BCF
:10BD1000D0B9D80644BF20228DF85320190744BF5C
:10BD20002B228DF8532099F800202A2A13D04C4654
:10BD300000204FF00A0C079A214611F8013B303BD6
:10BD4000092B49D968B913E0C01B08FA00F0184361
:10BD5000A1460490D4E7039A111D12680391002AAA
:10BD600001DB079204E0524243F00203079204937E
:10BD700023782E2B0AD163782A2B32D1039B0234ED
:10BD80001A1D1B68039243EAE3730593DFF8B4902E
:10BD900003224846217800F01FFA38B14022049B64
:10BDA000A0EB0900824013430134049314F8011BF3
:10BDB000062225488DF8281000F00EFA002835D00C
:10BDC000224818BB039B073323F007030833039370
:10BDD000099B034409936CE70C4601200CFB0232DB
:10BDE000AAE700234FF00A0C1946013405932046B8
:10BDF00010F8012B303A092A03D9002BC6D005913F
:10BE0000C4E7044601230CFB0121F0E703AB0093D8
:10BE10002A4630460E4B04A9AFF30080421CD7D10E
:10BE2000AB895B063FF532AF099831E703AB00936E
:10BE30002A463046064B04A900F07EF8EEE700BF24
:10BE4000E4C60008EAC60008EEC6000800000000CC
:10BE5000A5BB00082DE9F047164698468A680B698D
:10BE600007469342B8BF1346336091F843200C460F
:10BE7000DDF820900AB1013333602368990642BF90
:10BE8000336802333360256815F0060506D104F1E6
:10BE9000190AE36832689B1AAB422BDC94F84330F2
:10BEA0002268003B18BF0123920630D44146384631
:10BEB00004F14302C847013023D02368226903F00C
:10BEC0000603042B14BF002533684FF0000608BF9B
:10BED000E56804F11A0408BFED1A54F8123C08BFD3
:10BEE00025EAE5759342C4BF9B1AED18B5421AD1F5
:10BEF000002008E00123524641463846C847013039
:10BF000003D14FF0FF30BDE8F0870135C1E73020A5
:10BF1000E11881F843005A1C94F84510224402337A
:10BF200082F84310C2E70123224641463846C847FB
:10BF30000130E6D00136D9E72DE9F0430D7E85B01A
:10BF4000782D904607460C4699460C9E01F1430217
:10BF500007D8622D0AD8002D00F0D780582D00F0A8
:10BF6000BC8004F1420684F842503BE0A5F1630333
:10BF7000152BF6D801A151F823F000BFD5BF00085A
:10BF8000E9BF000863BF000863BF000863BF000883
:10BF900063BF0008E9BF000863BF000863BF000873
:10BFA00063BF000863BF0008F1C0000813C00008A9
:10BFB000A3C0000863BF000863BF000813C10008E6
:10BFC00063BF000813C0000863BF000863BF000818
:10BFD000ABC0000833681A1D1B68326004F14206CA
:10BFE00084F842300123A1E033682068191D3160D4
:10BFF000060601D51D6803E04506FBD5B3F90050E0
:10C00000002D03DA2D236D4284F843300A235B4868
:10C0100011E021683368080653F8045B02D449062E
:10C0200048BFADB23360237E54486F2B5CD10823E8
:10C03000002184F843106668002EA66005DB2168A5
:10C040002E4321F00401216050D01646B5FBF3F1D8
:10C0500003FB115C10F80CC006F801CDAC4663453B
:10C060000D46F3D9082B0BD12368DB0708D52369CC
:10C0700061689942DEBF302306F8013C06F1FF36C5
:10C08000921B2261434621463846CDF8009003AA10
:10C09000FFF7E0FE01304ED14FF0FF3005B0BDE8B4
:10C0A000F083236843F0200323607825344884F824
:10C0B00045502368316813F0800F51F8045B03D1B9
:10C0C00013F0400F18BFADB23160D90744BF43F041
:10C0D000200323601DB11023AAE72848E7E723685F
:10C0E00023F020032360F6E70A23A1E71646B9E709
:10C0F00033682568181D616930602E061B6801D5FC
:10C10000196002E06806FBD51980002316462361FA
:10C11000B8E7336800211A1D32601E686268304635
:10C1200000F05AF808B1801B606063682361002347
:10C1300084F84330A6E73246414638462369C8476B
:10C140000130A9D023689B0713D4E068039B984271
:10C15000B8BF1846A2E70123324641463846C847D1
:10C16000013099D00135E36803995B1AAB42F2DCE8
:10C17000EBE7002504F11906F5E700BFF5C6000856
:10C1800006C70008884210B501EB020402D98442B8
:10C19000234607D8431EA14207D011F8012B03F80C
:10C1A000012FF8E70244824200D110BD13F8011DAF
:10C1B00002F8011DF7E7000038B50023054D0446DD
:10C1C00008462B60F9F74EF9431C02D12B6803B1E6
:10C1D000236038BD882C0020034610B5C9B2024444
:10C1E0009342184601D1002003E0047801338C42C9
:10C1F000F6D110BD2DE9F041074614460D4621B990
:10C200001146BDE8F041FFF741BC2AB9FFF7D4FB66
:10C2100025462846BDE8F08100F01AF8844206461B
:10C2200002D8B4EB500FF4D821463846FFF72EFC65
:10C23000804608B94546ECE7B4422246294628BF65
:10C240003246FFF7ABFB29463846FFF7B5FBF1E76F
:10C2500051F8043C181F002BBCBF0B58C018704786
:10C26000F8B500BFF8BC08BC9E467047F8B500BFE3
:08C27000F8BC08BC9E467047B3
:10C2780055445000544350000D3E002B264442477D
:10C2880053454E44494E47204441544120002B26F3
:10C2980044424753454E44494E4720444154412067
:10C2A800425553590A0041542B434950434C4F536C
:10C2B800453D002B26444247524553504F4E534567
:10C2C8002043494653520A002B26444247455252BE
:10C2D8004F5220434946535220350A002B264442E8
:10C2E80047524553504F4E5345204950440A002B5E
:10C2F80026444247455350303148415244524553F1
:10C308004554300A002B26444247455350303148A3
:10C318004152445245534554310A002B2644424762
:10C32800455350303141540A002B26444247455367
:10C33800503031415443574D4F44450A0041542B26
:10C3480043574155544F434F4E4E3D300D0A00411F
:10C35800542B4349504D55583D310D0A0041542B3B
:10C368004349504D55583D300D0A002B264442474D
:10C37800455350303141544349504D55580A002BCC
:10C388002644424745535030314154435753415056
:10C398000A002B26444247455350303141544357F5
:10C3A800444843500A002B264442474553503031F5
:10C3B80041544349505345525645520A002B26448E
:10C3C80042474553503031415443574A41500A007F
:10C3D8002B26444247455350303143494653520A6D
:10C3E800002B26444247455350303141544349506D
:10C3F800434C4F53450A002B26444247455350307F
:10C4080031415443495053544152540A0041434323
:10C41800004759520025640056454C3A00256C6483
:10C42800206D6D2F730041434C3A00256C64206DDC
:10C438006D2F733200414E473A0042414C3A004258
:10C44800414C414E43494E4700434149444F002D1A
:10C45800002573256C642E2530326C6400485454D2
:10C46800502F312E3020323030204F4B0D0A436F81
:10C478006E74656E742D547970653A206170706CB5
:10C4880069636174696F6E2F6A736F6E0D0A0D0AA6
:10C498000025737B2269726C223A25642C2269720A
:10C4A80063223A25642C22697272223A25642C226E
:10C4B8006430223A25642C226432223A25642C22E4
:10C4C8006434223A25642C226436223A25642C22CC
:10C4D8006437223A25642C226178223A25642C227A
:10C4E8006179223A25642C22617A223A25642C2229
:10C4F8006778223A25642C226779223A25642C220F
:10C50800677A223A25642C227069746368223A2576
:10C51800732C22796177223A25737D0073736964DD
:10C528003D00706173733D002669703D0026706F91
:10C5380072743D002670726F746F3D0074637000F2
:10C54800474554202F6461746100474554202F7378
:10C5580065743F00474554202F003E3E3E4D4F44F2
:10C568004F20313C3C3C0042414C414E43454F003A
:10C578003E3E3E4D4F444F20323C3C3C00534547E5
:10C5880055494D49454E544F204C494E4541003E72
:10C598003E3E4D4F444F20333C3C3C0045535155A3
:10C5A80049564152003132333435363738004D4917
:10C5B80043524F00504F434F58380031302E3433D8
:10C5C8002E33372E32313300415250414E455400FC
:10C5D800313936392D41706F6C6F5F31312D323002
:10C5E8003232003139322E3136382E302E31300089
:10C5F8004643414C2D506572736F6E616C006663E3
:10C60800616C2D756E65722B3230313900313732DD
:10C618002E32322E3233372E323237004643414CD7
:10C62800006663616C636F6E636F726469612E305C
:10C63800362D32303139003137322E32332E3139FE
:10C64800302E383900496E7465726E6574506C7599
:10C65800735F3837326631305F45585400776C6104
:10C668006E373864306566003139322E3136382EEF
:10C67800312E35320053544D6963726F656C6563B2
:10C6880074726F6E6963730053544D333220566968
:10C69800727475616C20436F6D506F7274004344FF
:10C6A8004320436F6E6669670043444320496E74B4
:10C6B8006572666163650030313233343536373838
:10C6C800396162636465666768696A6B6C6D6E6F11
:10C6D800707172737475767778797A00232D302BA0
:10C6E8002000686C4C00656667454647003031326B
:10C6F80033343536373839414243444546003031C2
:10C708003233343536373839616263646566000020
:10C7180059C8000851C8000848C800083CC80008A3
:10C728002AC8000815C80008FFC70008E7C700089E
:10C73800D4C70008C6C70008B8C70008ABC70008B8
:10C748009AC700088FC7000886C700087AC700087C
:10C758006FC7000864C70008000000003036303298
:10C7680062757379207300303630326275737920C0
:10C7780070003037303272656164790D0A003034E8
:10C7880031302B495044003036303262757379208D
:10C798002E00313230352B43494653523A535441D7
:10C7A80049500030383032434C4F5345440D0A004D
:10C7B80030393032434F4E4E4543540D0A0030391C
:10C7C800303253454E44204F4B0D0A00313430323D
:10C7D800444953434F4E4E45435445440D0A003196
:10C7E8003930325749464920444953434F4E4E4504
:10C7F800435445440D0A00313730325749464920E1
:10C80800444953434F4E4E4543540D0A0031363088
:10C81800325749464920434F4E4E45435445440DEF
:10C828000A00313330325749464920474F5420498E
:10C83800500D0A00303730324552524F520D0A001F
:10C84800303430324F4B0D0A003033303241542BE4
:10C85800003033303241540D0041542B434950537A
:10C8680045525645523D312C38300D0A0041542B63
:10C878004357444843505F4355523D322C310D0ACB
:10C888000041542B43575341505F4355523D00419B
:10C89800542B43495053454E443D0041542B434982
:10C8A80050434C4F53450D0A0041542B43495053B4
:10C8B800544152543D0041542B43494653520D0AAA
:10C8C8000041542B43574A41503D0041542B435794
:10C8D8004D4F44453D330D0A0041540D0A000000F8
:10C8E8000B12000000C9000800000000070A000041
:10C8F8005CD60008000000000000000000000000F6
:10C90800000000000000000000000000000000001F
:10C918000000000000000000000000000000000C03
:10C92800000C000C000C000C000C000C000C000C9F
:10C93800000C000C0000000C000C000000000000BF
:10C948000000001B001B001B001B001B0000000058
:10C9580000000000000000000000000000000000CF
:10C968000000000000008019801980198019C07F1C
:10C97800C07F80190033C07FC07F0033003300338D
:10C9880000330000000000000000001E003F80751A
:10C9980080650074003C001E000780058065806586
:10C9A8008075003F001E00040004000000000070B5
:10C9B80000D840D8C0D880D900730006000C801B6E
:10C9C800C036C066C046C0068003000000000000F4
:10C9D8000000001E003F003300330033001E000C2F
:10C9E800C03CC066806380618063C03E801C0000DC
:10C9F800000000000000000C000C000C000C000CF3
:10CA0800000000000000000000000000000000001E
:10CA18000000000000000000800000010003000684
:10CA280000060004000C000C000C000C000C000CAC
:10CA3800000400060006000300018000002000102A
:10CA48000018000C000C0004000600060006000692
:10CA5800000600060004000C000C0018001000205E
:10CA68000000000C002D003F001E003300000000F5
:10CA780000000000000000000000000000000000AE
:10CA880000000000000000000000000C000C000C7A
:10CA9800000CC0FFC0FF000C000C000C000C0000D4
:10CAA800000000000000000000000000000000007E
:10CAB800000000000000000000000000000000006E
:10CAC8000000000C000C0004000400080000000036
:10CAD8000000000000000000000000000000001E30
:10CAE800001E000000000000000000000000000020
:10CAF800000000000000000000000000000000002E
:10CB080000000000000000000000000C000C000005
:10CB180000000000000000030003000300060006F8
:10CB280000060006000C000C000C000C0018001891
:10CB380000180000000000000000001E003F003345
:10CB4800806180618061806D806D806180618061BD
:10CB58000033003F001E0000000000000000000637
:10CB6800000E001E0036002600060006000600061D
:10CB7800000600060006000600060000000000008F
:10CB88000000001E003F8073806180618001000307
:10CB98000006000C001800300060807F807F0000D5
:10CBA800000000000000001C003E0063006300035A
:10CBB800000E000E00038001800180618073003F39
:10CBC800001E00000000000000000006000E000E1D
:10CBD800001E001E0016003600360066807F807F2B
:10CBE8000006000600060000000000000000007FAC
:10CBF800007F006000600060006E007F806380013D
:10CC0800800180618073003F001E0000000000006A
:10CC18000000001E003F803380610060006E007FCE
:10CC280080738061806180618033003F001E000056
:10CC3800000000000000807F807F80010003000367
:10CC480000060006000C000C000C00080018001874
:10CC580000180000000000000000001E003F806374
:10CC6800806180610021001E003F806180618061D9
:10CC78008061003F001E0000000000000000001E50
:10CC8800003F00738061806180618073803F801DF8
:10CC9800800180610073003F001E0000000000005A
:10CCA80000000000000000000000000C000C000064
:10CCB80000000000000000000000000C000C000054
:10CCC800000000000000000000000000000000005C
:10CCD800000C000C00000000000000000000000C28
:10CCE800000C000400040008000000000000000020
:10CCF80080008003000E003800600038000E8003BA
:10CD0800800000000000000000000000000000009B
:10CD1800000000000000807F807F00000000807F0E
:10CD2800807F0000000000000000000000000000FC
:10CD3800000000000000000000400070001C000718
:10CD480080010007001C0070004000000000000087
:10CD5800000000000000001F803FC071C060C000DC
:10CD6800C00180030007000E000C000C0000000C3E
:10CD7800000C0000000000000000001E003F803191
:10CD880080718063806F806D806D806F80670060C8
:10CD98000032003E001C0000000000000000000EF1
:10CDA800000E001B001B001B001B80318031803FE0
:10CDB800803F8031C060C060C0600000000000009B
:10CDC8000000007C007E0063006300630063007E57
:10CDD800007E0063806180618063007F007E0000C8
:10CDE800000000000000001E003F803180610060EC
:10CDF8000060006000600060006080618031003F7A
:10CE0800001E0000000000000000007C007F00639E
:10CE1800806380618061806180618061806100637E
:10CE28000063007E007C0000000000000000807F9E
:10CE3800807F0060006000600060007F007F00600D
:10CE4800006000600060807F807F000000000000BC
:10CE58000000807F807F0060006000600060007FCD
:10CE6800007F0060006000600060006000600000FB
:10CE7800000000000000001E003F8031806100605B
:10CE88000060006080638063806180618031803FE2
:10CE9800001E0000000000000000806180618061C9
:10CEA800806180618061807F807F80618061806136
:10CEB8008061806180610000000000000000003F88
:10CEC800003F000C000C000C000C000C000C000CC7
:10CED800000C000C000C003F003F000000000000A8
:10CEE80000008001800180018001800180018001B3
:10CEF80080018001806180618073003F001E000016
:10CF0800000000000000C0608061006300660066E9
:10CF1800006C0078007C00660066006380618061B8
:10CF2800C0600000000000000000006000600060B9
:10CF380000600060006000600060006000600060E9
:10CF48000060807F807F0000000000000000C0714A
:10CF5800C071C07BC07AC06AC06AC06EC064C0605D
:10CF6800C060C060C060C060C06000000000000019
:10CF7800000080718071807980798079806D806D02
:10CF8800806D80658067806780678063806300004C
:10CF9800000000000000001E003F00338061806137
:10CFA8008061806180618061806180610033003FC1
:10CFB800001E0000000000000000007E007F80636B
:10CFC8008061806180618063007F007E0060006016
:10CFD8000060006000600000000000000000001E0B
:10CFE800003F003380618061806180618061806181
:10CFF800806580670033803F401E0000000000000D
:10D008000000007E007F8063806180618063007F14
:10D01800007E00660063006380618061C06000007C
:10D02800000000000000000E001F80318031003039
:10D038000038001E00078003806180618031003F56
:10D04800001E0000000000000000C0FFC0FF000C30
:10D05800000C000C000C000C000C000C000C000C68
:10D06800000C000C000C00000000000000008061B3
:10D0780080618061806180618061806180618061A0
:10D08800806180618073003F001E00000000000086
:10D098000000C060C060C060803180318031001BFA
:10D0A800001B001B001B000E000E000E00040000F9
:10D0B800000000000000C0C0C0C0C0C0C0C0C0C0E8
:10D0C800C0CC804C804C805E8052805280738061DE
:10D0D80080610000000000000000C0C08060806126
:10D0E8000033003B001E000C000C001E001F003B1C
:10D0F80080718061C0C00000000000000000C0C056
:10D108008061806100330033001E001E000C000C9B
:10D11800000C000C000C000C000C000000000000CB
:10D128000000803F803F8001000300030006000CE0
:10D13800000C0018001800300060807F807F00001D
:10D1480000000000000F000F000C000C000C000C89
:10D15800000C000C000C000C000C000C000C000C67
:10D16800000C000C000F000F000000180018001839
:10D17800000C000C000C000C00060006000600065F
:10D18800000300030003000000000000001E001E52
:10D198000006000600060006000600060006000657
:10D1A800000600060006000600060006001E001E17
:10D1B8000000000C000C001E0012003300338061D8
:10D1C8008061000000000000000000000000000076
:10D1D8000000000000000000000000000000000047
:10D1E8000000000000000000000000000000000037
:10D1F80000000000E0FF0000000000380018000CEC
:10D208000000000000000000000000000000000016
:10D218000000000000000000000000000000000006
:10D22800000000000000001F803F80618001801F17
:10D23800803F80618063807FC0380000000000006C
:10D2480000000060006000600060006E007F807376
:10D2580080618061806180618073007F006E000062
:10D268000000000000000000000000000000001E98
:10D27800003F807380610060006080618073003FC0
:10D28800001E0000000000000000800180018001F5
:10D298008001801D803F8073806180618061806132
:10D2A8008073803F801D0000000000000000000027
:10D2B800000000000000001E003F00738061807FB6
:10D2C800807F00608071003F001E000000000000A9
:10D2D8000000C007C00F000C000C807F807F000C8E
:10D2E800000C000C000C000C000C000C000C0000E2
:10D2F800000000000000000000000000801D803FCA
:10D30800807380618061806180618073803F801D4F
:10D3180080018063007F003E0000006000600060C4
:10D328000060006F807F80718061806180618061B2
:10D33800806180618061000000000000000000063C
:10D34800000600000000003E003E00060006000641
:10D3580000060006000600060006000000000000A7
:10D368000006000600000000003E003E0006000621
:10D378000006000600060006000600060006004635
:10D38800007E003C0000006000600060006080617A
:10D3980000630066006C007C0076006300638061B7
:10D3A800C0600000000000000000003E003E0006D3
:10D3B8000006000600060006000600060006000635
:10D3C8000006000600060000000000000000000043
:10D3D80000000000000080DDC0FFC0CEC0CCC0CC83
:10D3E800C0CCC0CCC0CCC0CCC0CC00000000000079
:10D3F80000000000000000000000006F807F8071C6
:10D4080080618061806180618061806180610000ED
:10D418000000000000000000000000000000001EE6
:10D42800003F807380618061806180618073003F0C
:10D43800001E0000000000000000000000000000C6
:10D44800006E007F8073806180618061806180737D
:10D45800007F006E00600060006000600000000057
:10D4680000000000801D803F8073806180618061C2
:10D4780080618073803F801D800180018001800170
:10D48800000000000000000000000067803F003935
:10D498000030003000300030003000300030000034
:10D4A8000000000000000000000000000000001E56
:10D4B800803F80610060007F803F80018061007F45
:10D4C800001E000000000000000000000008001816
:10D4D8000018007F007F00180018001800180018B6
:10D4E8000018801F800F00000000000000000000EE
:10D4F80000000000000080618061806180618061BF
:10D50800806180618063807F803D000000000000B2
:10D5180000000000000000000000C0608031803181
:10D528008031001B001B001B000E000E00060000CF
:10D53800000000000000000000000000000080DD86
:10D5480080DD80DD0055005500550077007700220A
:10D5580000220000000000000000000000000000A1
:10D568000000806100330033001E000C000C001E18
:10D57800003300338061000000000000000000005C
:10D588000000000080618061803100330033001B9F
:10D59800001B001B000E000E000E001C007C00701B
:10D5A80000000000000000000000C07FC07F800174
:10D5B80000030006000C00180030C07FC07F000088
:10D5C8000000000080038007000600060006000631
:10D5D8000006000E001C001C000E000600060006D7
:10D5E8000006000680078003000600060006000605
:10D5F80000060006000600060006000600060006F3
:10D608000006000600060006000600060038003C7A
:10D61800000C000C000C000C000C000E00070007AA
:10D62800000E000C000C000C000C000C003C003834
:10D63800000000000000000000000000000080382A
:10D64800807F00470000000000000000000000008C
:10D6580000000000000000000000000000000000C2
:10D668000000000000000000001000100010001072
:10D678000010001000000010000000000028002822
:10D68800002800000000000000000000000000006A
:10D6980000240024007C00240048007C0048004846
:10D6A80000000000003800540050003800140054F6
:10D6B80000540038001000000020005400580030CA
:10D6C8000028005400140008000000000010002882
:10D6D8000028001000340048004800340000000012
:10D6E8000010001000100000000000000000000002
:10D6F800000000000008001000200020002000208A
:10D708000020002000100008002000100008000879
:10D718000008000800080008001000200010003869
:10D7280000100028000000000000000000000000B9
:10D738000000000000100010007C00100010000025
:10D7480000000000000000000000000000000000D1
:10D758000000001000100010000000000000000091
:10D768000000003800000000000000000000000079
:10D778000000000000000000000000100000000091
:10D788000008000800100010001000100020002001
:10D7980000000000003800440044005400440044E5
:10D7A8000044003800000000001000300050001055
:10D7B80000100010001000100000000000380044A5
:10D7C80000440004000800100020007C0000000055
:10D7D8000038004400040018000400040044003825
:10D7E8000000000000080018002800280048007CFD
:10D7F8000008000800000000007C0040004000789D
:10D808000004000400440038000000000038004410
:10D818000040007800440044004400380000000044
:10D82800007C0004000800100010002000200020E8
:10D838000000000000380044004400380044004460
:10D848000044003800000000003800440044004450
:10D85800003C000400440038000000000000000004
:10D868000010000000000000000000100000000090
:10D878000000000000000010000000000000001080
:10D888000010001000000000000C003000400030C4
:10D89800000C000000000000000000000000007CF8
:10D8A8000000007C000000000000000000000000F4
:10D8B800006000180004001800600000000000006C
:10D8C8000038004400040008001000100000001098
:10D8D8000000000000380044004C0054005C004088
:10D8E8000040003800000000001000280028002830
:10D8F8000028007C00440044000000000078004438
:10D90800004400780044004400440078000000000F
:10D918000038004400400040004000400044003807
:10D928000000000000700048004400440044004427
:10D938000048007000000000007C00400040007CAF
:10D94800004000400040007C00000000007C0040D7
:10D958000040007800400040004000400000000007
:10D968000038004400400040005C00440044003897
:10D9780000000000004400440044007C00440044CF
:10D98800004400440000000000380010001000109F
:10D99800001000100010003800000000000400040F
:10D9A80000040004000400040044003800000000E3
:10D9B80000440048005000600050004800480044FF
:10D9C80000000000004000400040004000400040CF
:10D9D8000040007C000000000044006C006C005413
:10D9E8000044004400440044000000000044006477
:10D9F800006400540054004C004C00440000000037
:10DA08000038004400440044004400440044003806
:10DA18000000000000780044004400440078004002
:10DA2800004000400000000000380044004400446A
:10DA3800004400440054003800040000007800440A
:10DA480000440044007800480048004400000000FA
:10DA5800003800440040003000080004004400384A
:10DA680000000000007C00100010001000100010E2
:10DA7800001000100000000000440044004400446E
:10DA88000044004400440038000000000044004402
:10DA980000440028002800280010001000000000A2
:10DAA80000440044005400540054006C002800282E
:10DAB8000000000000440028002800100010002882
:10DAC800002800440000000000440044002800280A
:10DAD800001000100010001000000000007C00047E
:10DAE80000080010001000200040007C000000002A
:10DAF8000018001000100010001000100010001096
:10DB08000010001800200020001000100010001065
:10DB1800000800080000000000300010001000108D
:10DB28000010001000100010001000300010002835
:10DB38000028004400000000000000000000000071
:10DB480000000000000000000000000000000000CD
:10DB5800000000FE0020001000000000000000008F
:10DB68000000000000000000000000000038004431
:10DB7800003C0044004C003400000000004000401D
:10DB8800005800640044004400640058000000008D
:10DB98000000000000380044004000400044003805
:10DBA80000000000000400040034004C004400445D
:10DBB800004C003400000000000000000038004461
:10DBC800007C00400044003800000000000C0010F9
:10DBD800007C001000100010001000100000000071
:10DBE800000000000034004C00440044004C0034A5
:10DBF80000040078004000400058006400440044DD
:10DC080000440044000000000010000000700010F4
:10DC180000100010001000100000000000100000AC
:10DC2800007000100010001000100010001000E03C
:10DC38000040004000480050006000500048004488
:10DC4800000000000070001000100010001000100C
:10DC580000100010000000000000000000780054D0
:10DC6800005400540054005400000000000000005C
:10DC780000580064004400440044004400000000D0
:10DC8800000000000038004400440044004400380C
:10DC98000000000000000000005800640044004438
:10DCA8000064005800400040000000000034004CB0
:10DCB80000440044004C003400040004000000004C
:10DCC8000058006400400040004000400000000090
:10DCD800000000000038004400300008004400380C
:10DCE8000000000000200020007800200020002014
:10DCF800002000180000000000000000004400445C
:10DD080000440044004C0034000000000000000003
:10DD180000440044002800280028001000000000EB
:10DD280000000000005400540054006C0028002833
:10DD3800000000000000000000440028001000104F
:10DD480000280044000000000000000000440044D7
:10DD580000280028001000100010006000000000DB
:10DD6800007C0008001000200040007C000000003B
:10DD780000180010001000100020002000100010F3
:10DD88000010001800100010001000100010001003
:10DD980000100010001000100030001000100010DB
:10DDA80000080008001000100010003000000000FB
:10DDB80000000074004C000000000000000000009B
:10DDC800485454502F312E3020323030204F4B0DD4
:10DDD8000A436F6E74656E742D547970653A2074B9
:10DDE8006578742F68746D6C0D0A0D0A3C21444FD8
:10DDF80043545950452068746D6C3E3C68333E432B
:10DE08006F6E656374616E646F2E2E2E3C2F6833BF
:10DE18003E3C703E456C20726F626F7420736520C3
:10DE2800636F6E6563746172612061206C6120723A
:10DE3800656420696E6469636164612E3C2F703E7D
:10DE480000485454502F312E3020323030204F4B60
:10DE58000D0A436F6E74656E742D547970653A209F
:10DE6800746578742F68746D6C0D0A0D0A3C214432
:10DE78004F43545950452068746D6C3E3C6D657431
:10DE880061206E616D653D76696577706F7274208B
:10DE9800636F6E74656E743D2277696474683D645F
:10DEA80065766963652D7769647468223E3C6834D9
:10DEB8003E54454C454D45545249413C2F68343EEB
:10DEC80049523A203C622069643D69723E2D3C2FDC
:10DED800623E3C62723E44463A203C622069643DA0
:10DEE80064663E2D3C2F623E3C62723E444C3A20B2
:10DEF8003C622069643D646C3E2D3C2F623E3C626E
:10DF0800723E502F593A203C622069643D61747416
:10DF18003E2D3C2F623E3C62723E4163633A203C98
:10DF2800622069643D6163633E2D3C2F623E3C6222
:10DF3800723E4779723A203C622069643D67797283
:10DF48003E2D3C2F623E3C62723E3C666F726D20F5
:10DF5800616374696F6E3D2F7365743E3C68343E2F
:10DF6800574946493C2F68343E535349443A203C6C
:10DF7800696E707574206E616D653D737369642098
:10DF880072657175697265643E3C62723E50617378
:10DF9800733A203C696E707574206E616D653D70D2
:10DFA80061737320747970653D70617373776F72F4
:10DFB800643E3C62723E49503A203C696E7075740A
:10DFC800206E616D653D69702076616C75653D31C7
:10DFD80039322E3136382E302E31303E3C62723E88
:10DFE800506F72743A203C696E707574206E616D62
:10DFF800653D706F72742076616C75653D333030A5
:10E0080031303E3C62723E50726F746F3A203C73FE
:10E01800656C656374206E616D653D70726F746FB9
:10E028003E3C6F7074696F6E3E5544503C2F6F7064
:10E0380074696F6E3E3C6F7074696F6E3E544350E6
:10E048003C2F6F7074696F6E3E3C2F73656C65630F
:10E05800743E3C62723E3C62723E3C696E707574FE
:10E0680020747970653D7375626D69742076616C92
:10E0780075653D436F6E65637461723E3C2F666FD4
:10E08800726D3E3C7363726970743E6C6574206295
:10E098003D302C733D28692C76293D3E646F6375AD
:10E0A8006D656E742E676574456C656D656E74423A
:10E0B8007949642869292E696E6E65725465787489
:10E0C8003D763B6C657420753D28293D3E7B69662D
:10E0D80028622972657475726E3B623D313B6665D4
:10E0E80074636828272F6461746127292E74686512
:10E0F8006E28723D3E722E6A736F6E2829292E741F
:10E1080068656E28643D3E7B7328276972272C64F6
:10E118002E69726C2B272F272B642E6972632B278D
:10E128002F272B642E697272293B73282764662770
:10E138002C642E6436293B732827646C272C642EA4
:10E1480064322B272F272B642E64342B272F272B61
:10E15800642E64302B272F272B642E6437293B73BA
:10E168002827617474272C642E70697463682B27C0
:10E178002F272B642E796177293B732827616363E6
:10E18800272C642E61782B272C272B642E61792B62
:10E19800272C272B642E617A293B732827677972ED
:10E1A800272C642E67782B272C272B642E67792B36
:10E1B800272C272B642E677A293B7D292E636174CF
:10E1C80063682828293D3E7B7D292E66696E616C2F
:10E1D8006C792828293D3E623D30293B7D3B7528D6
:10E1E800293B736574496E74657276616C28752C69
:10E1F80031303030293B3C2F7363726970743E00B4
:10E20800000043008500C8000B014D019001D301B7
:10E21800150258029B02DD0220036303A503E803ED
:10E228006D00EA007F01FC01B9020104A3045B054B
:10E23800D006BA08EB09C40ADF0C3E0DE90DF20E50
:10E248006600ED0077010602C1024404E704D20526
:10E258008B07C509310B440CF20E0D0F290F340F33
:10E2680095002A01CB016E026403ED04DD05B806B2
:10E27800C6083A0BBD0CAB0D070F230F2D0F410F2E
:10E288004E00A7003B0180010802D2022703870342
:10E298001F042F05D4055D06A5088A09670B620EC1
:10E2A800BCC50008ADC50008C3C50008D0C5000836
:10E2B800D8C50008EBC50008F8C5000806C6000860
:10E2C80015C6000824C6000829C600083FC600086D
:10E2D8004DC6000865C6000870C6000845583130AC
:10E2E800303932337630310A000000000001020371
:10E2F80004000000000000000001020304060708F3
:10E3080009000000000000000100000000000000FB
:10E3180002000000000000000300000000000000F0
:10E3280004000000010000000200000002000000DC
:10E3380003000000030000000400000004000000C7
:10E34800010000000000ECFF0000F0FF1000F0FFEB
:10E3580010001000F0FF100010001000F0FF100077
:10E368001000000000000000010000000100000093
:10E37800020000000200000003000000030000008B
:10E388000000000004000000050000000500000077
:10E39800060000000600000007000000070000005B
:10E3A800040000000000000004000000010000005C
:10E3B8000500000002000000060000000300000045
:10E3C8000700000008000000090000000900000024
:10E3D8000A0000000A0000000B0000000B0000000B
:10E3E800080000000C0000000D0000000D000000F7
:10E3F8000E0000000E0000000F0000000F000000DB
:10E408000C000000080000000C00000009000000DB
:10E418000D0000000A0000000E0000000B000000C4
:10E428000F000000000000000800000001000000CC
:10E4380009000000020000000A00000003000000BC
:10E448000B000000040000000C00000005000000A4
:10E458000D000000060000000E000000070000008C
:10E468000F000000F0FFF0FFF0FFF0FF1000F0FFDA
:10E47800F0FFF0FF10001000F0FFF0FFF0FF1000B9
:10E48800F0FFF0FFF0FFF0FF1000F0FF1000F0FFCA
:10E498001000F0FF100010001000F0FFF0FF100057
:10E4A8001000F0FFF0FFF0FFF0FF10001000F0FF89
:10E4B800F0FF100010001000F0FF1000F0FF100037
:10E4C800F0FF1000F0FFF0FF100010001000F0FF48
:10E4D800100010001000100010001000F0FF1000D5
:10E4E8001000100000000000010000000100000002
:10E4F800020000000200000003000000030000000A
:10E5080000000000040000000500000005000000F5
:10E5180006000000060000000700000007000000D9
:10E5280004000000000000000400000001000000DA
:10E5380005000000020000000600000003000000C3
:10E5480007000000F0FFF0FFF0FF1000F0FFF0FF01
:10E5580010001000F0FFF0FF1000F0FFF0FFF0FFD8
:10E5680010001000F0FF1000100010001000F0FF65
:10E5780010001000000306090C0F1215181C1F22AA
:10E5880025282B2E303336393C3F414447494C4EE1
:10E59800515355585A5C5E60626466686A6C6D6F68
:10E5A80070727375767778797A7B7C7C7D7E7E7ED7
:10E5B8007F7F7F7F7F7F7F7F7E7E7E7D7C7C7B7A77
:10E5C80079787776757372706F6D6C6A6866646255
:10E5D800605E5C5A585553514E4C494744413F3C44
:10E5E800393633302E2B2825221F1C1815120F0CF4
:10E5F80009060300FDFAF7F4F1EEEBE8E4E1DEDBEF
:10E60800D8D5D2D0CDCAC7C4C1BFBCB9B7B4B2AFD0
:10E61800ADABA8A6A4A2A09E9C9A9896949391901C
:10E628008E8D8B8A8988878685848483828282817D
:10E6380081818181818181828282838484858687A8
:10E6480088898A8B8D8E9091939496989A9C9EA097
:10E65800A2A4A6A8ABADAFB2B4B7B9BCBFC1C4C77A
:10E66800CACDD0D2D5D8DBDEE1E4E8EBEEF1F4F7A1
:10E67800FAFD0000010202030405060708090A0B57
:08E688000C0D0E0F1010000034
:08E69000C01AFF7F0100000029
:04E698003501000840
:04E69C001101000860
:10E6A000330035000055445000010101554E4552DC
:10E6B000033AA00D9800C4090A00E8030400000012
:10E6C0000900000090012003E803E8036400F4015E
:10E6D0005E010F002C01030096000A00C80028000C
:10E6E000C0F9000018FCFFFF2003700301042003A1
:10E6F0000F2702005500000014000000B80B54431F
:10E7000050003A753139322E3136382E302E3130B4
:10E710000000000001052C01900114020A00000015
:10E720000100000005000000150000001F000000AF
:10E73000FF03000055000000FF01010000127A00F5
:10E74000010000001000000009074300020104C09E
:10E750003209040000010202010005240010010535
:10E760002401000104240202052406000107058299
:10E770000308001009040100020A00000007050157
:10E78000024000000705810240000000090243002A
:10E79000020100C032090400000102020100052448
:10E7A00000100105240100010424020205240600D2
:10E7B000010705820308001009040100020A000095
:10E7C000000705010240000007058102400000002B
:10E7D00009024300020100C03209040000010202E4
:10E7E0000100052400100105240100010424020297
:10E7F0000524060001070582030800100904010032
:10E80000020A00000007050102000200070581025C
:10E8100000020000E7AA0008A5AA000803AA000851
:10E82000000000003BA90008C3A9000895A9000842
:10E8300000000000000000000000000071A90008B6
:10E8400065A900087DA9000889A900080A06000238
:10E85000000000400100000021B40008ADB3000832
:10E86000B1B30008F9B3000800C2010000000800BD
:10E870001A0300000000000000000000000000007B
:10E880000000000000000000000000000403090474
:10E8900012010002020200408304405700020102FC
:10E8A000030100007DB4000889B40008FDB400082D
:10E8B00015B50008C1B400082DB5000845B500081D
:10E8C0002402002000000000502B0020B82B002064
:10E8D000202C0020000000000000000000000000CC
:10E8E0000000000000000000000000000000000028
:10E8F0000000000000000000000000000000000018
:10E900000000000000000000000000000000000007
:0400000508005A2D68
:00000001FF
